id,first_name,last_name,email,age
1,Alice,Young,alice.young@example.com,25
2,Gentry,Walls,gentry.walls@example.com,43
3,Phillips,Ballard,phillips.ballard@example.com,16
4,Dee,Hickman,dee.hickman@example.com,20
5,Rhea,Hays,rhea.hays@example.com,55
6,Eva,Jones,eva.jones@example.com,54
7,Payne,Gallegos,payne.gallegos@example.com,48
8,Joseph,Juarez,joseph.juarez@example.com,38
9,Maxwell,Turner,maxwell.turner@example.com,36
10,Simpson,Abbott,simpson.abbott@example.com,34
11,Ebony,Pope,ebony.pope@example.com,39
12,Willa,Hardin,willa.hardin@example.com,26
13,Franklin,Conrad,franklin.conrad@example.com,35
14,Frost,Kinney,frost.kinney@example.com,41
15,Jarvis,Lloyd,jarvis.lloyd@example.com,40
16,Walton,Yates,walton.yates@example.com,51
17,Silvia,Preston,silvia.preston@example.com,40
18,Alexander,Lindsay,alexander.lindsay@example.com,42
19,Florence,Oneill,florence.oneill@example.com,18
20,Noemi,Burnett,noemi.burnett@example.com,52
21,Burch,Durham,burch.durham@example.com,52
22,Anthony,Simon,anthony.simon@example.com,30
23,Weber,Calderon,weber.calderon@example.com,47
24,Charlotte,Dorsey,charlotte.dorsey@example.com,27
25,Bond,Santana,bond.santana@example.com,45
26,Briggs,Dickerson,briggs.dickerson@example.com,23
27,Gamble,Hicks,gamble.hicks@example.com,49
28,Carlson,Merritt,carlson.merritt@example.com,38
29,Monique,Mclaughlin,monique.mclaughlin@example.com,40
30,Jolene,Smith,jolene.smith@example.com,41
31,Atkinson,Wilcox,atkinson.wilcox@example.com,53
32,Kayla,Hill,kayla.hill@example.com,28
33,Lyons,Carroll,lyons.carroll@example.com,35
34,Vaughan,Bernard,vaughan.bernard@example.com,21
35,Sharp,Beasley,sharp.beasley@example.com,46
36,Leanne,Mckay,leanne.mckay@example.com,35
37,Louella,Peck,louella.peck@example.com,17
38,Irwin,Allen,irwin.allen@example.com,37
39,Alejandra,Fischer,alejandra.fischer@example.com,24
40,Elsie,Goodwin,elsie.goodwin@example.com,29
41,Marsh,Jenkins,marsh.jenkins@example.com,49
42,Lorena,Collier,lorena.collier@example.com,32
43,Aurora,Padilla,aurora.padilla@example.com,25
44,Saunders,Mccoy,saunders.mccoy@example.com,37
45,Jami,Nichols,jami.nichols@example.com,26
46,Maddox,Lester,maddox.lester@example.com,20
47,Chelsea,Reeves,chelsea.reeves@example.com,20
48,Ida,Parsons,ida.parsons@example.com,16
49,Melton,Finch,melton.finch@example.com,35
50,Barrera,Ross,barrera.ross@example.com,28
51,Victoria,Gentry,victoria.gentry@example.com,54
52,Dotson,Ewing,dotson.ewing@example.com,45
53,Savannah,Mendez,savannah.mendez@example.com,46
54,Vonda,Hubbard,vonda.hubbard@example.com,19
55,Alfreda,Roman,alfreda.roman@example.com,46
56,Katheryn,Mcleod,katheryn.mcleod@example.com,42
57,Guadalupe,Hale,guadalupe.hale@example.com,32
58,Flowers,Stevenson,flowers.stevenson@example.com,22
59,Malone,Stephenson,malone.stephenson@example.com,30
60,Stanton,French,stanton.french@example.com,28
61,Lilia,Moran,lilia.moran@example.com,23
62,Serrano,Massey,serrano.massey@example.com,21
63,Baird,Key,baird.key@example.com,54
64,Buchanan,Hooper,buchanan.hooper@example.com,54
65,Betty,Knowles,betty.knowles@example.com,19
66,Tisha,Wallace,tisha.wallace@example.com,16
67,Lula,Porter,lula.porter@example.com,41
68,Walls,Case,walls.case@example.com,53
69,Juanita,Livingston,juanita.livingston@example.com,31
70,Jill,Webb,jill.webb@example.com,49
71,Huff,Potter,huff.potter@example.com,26
72,Colon,Rice,colon.rice@example.com,54
73,Graves,Robertson,graves.robertson@example.com,21
74,Melissa,Blanchard,melissa.blanchard@example.com,17
75,Ernestine,Ware,ernestine.ware@example.com,47
76,Janna,Jordan,janna.jordan@example.com,21
77,Tonia,Parks,tonia.parks@example.com,27
78,Marquez,Riggs,marquez.riggs@example.com,16
79,Sandoval,Roberson,sandoval.roberson@example.com,16
80,Cameron,Gonzales,cameron.gonzales@example.com,22
81,Jacklyn,Walton,jacklyn.walton@example.com,53
82,Cathleen,Schmidt,cathleen.schmidt@example.com,42
83,Jerri,Robinson,jerri.robinson@example.com,27
84,Fernandez,Fry,fernandez.fry@example.com,40
85,Suarez,Blake,suarez.blake@example.com,44
86,Doris,Prince,doris.prince@example.com,51
87,Joan,Tanner,joan.tanner@example.com,25
88,Elena,Berry,elena.berry@example.com,41
89,Colette,Brooks,colette.brooks@example.com,27
90,Pickett,Jimenez,pickett.jimenez@example.com,45
91,Macias,Lott,macias.lott@example.com,31
92,Hobbs,Munoz,hobbs.munoz@example.com,51
93,Sadie,Davenport,sadie.davenport@example.com,35
94,Hardy,Ellison,hardy.ellison@example.com,21
95,Bertha,Tyler,bertha.tyler@example.com,43
96,Hopkins,Boyle,hopkins.boyle@example.com,17
97,Sullivan,Gross,sullivan.gross@example.com,27
98,Pacheco,West,pacheco.west@example.com,48
99,Susanne,Montgomery,susanne.montgomery@example.com,41
100,Crosby,Morin,crosby.morin@example.com,41
101,Sasha,Phelps,sasha.phelps@example.com,34
102,Amalia,Bender,amalia.bender@example.com,16
103,Mcdaniel,Dennis,mcdaniel.dennis@example.com,49
104,Jimmie,Patel,jimmie.patel@example.com,45
105,Preston,Winters,preston.winters@example.com,33
106,Holmes,Carey,holmes.carey@example.com,34
107,Lucinda,Figueroa,lucinda.figueroa@example.com,33
108,Oconnor,Schultz,oconnor.schultz@example.com,34
109,Rena,Lowery,rena.lowery@example.com,38
110,James,Bennett,james.bennett@example.com,38
111,Shaffer,Kirkland,shaffer.kirkland@example.com,27
112,Jillian,Calhoun,jillian.calhoun@example.com,48
113,Case,Guerra,case.guerra@example.com,25
114,Blackwell,Buckley,blackwell.buckley@example.com,40
115,Nannie,Williamson,nannie.williamson@example.com,42
116,Phelps,Golden,phelps.golden@example.com,55
117,May,Wells,may.wells@example.com,49
118,Ada,Vang,ada.vang@example.com,19
119,Adrian,Justice,adrian.justice@example.com,28
120,Frankie,Decker,frankie.decker@example.com,45
121,Watkins,Delacruz,watkins.delacruz@example.com,37
122,Katie,Glover,katie.glover@example.com,47
123,Sandy,Parker,sandy.parker@example.com,27
124,Mitzi,Bird,mitzi.bird@example.com,47
125,Fuller,Hensley,fuller.hensley@example.com,52
126,Patti,Bean,patti.bean@example.com,24
127,Leola,Mueller,leola.mueller@example.com,36
128,Lorene,Howell,lorene.howell@example.com,16
129,Perry,Mcpherson,perry.mcpherson@example.com,54
130,Mattie,Oneal,mattie.oneal@example.com,37
131,Anderson,Houston,anderson.houston@example.com,54
132,Rachel,Crawford,rachel.crawford@example.com,52
133,Benson,Franco,benson.franco@example.com,27
134,Jeanne,Vazquez,jeanne.vazquez@example.com,42
135,Miles,Douglas,miles.douglas@example.com,45
136,Swanson,Carson,swanson.carson@example.com,40
137,Castro,Anthony,castro.anthony@example.com,42
138,Luann,Erickson,luann.erickson@example.com,50
139,Rosa,Fitzpatrick,rosa.fitzpatrick@example.com,52
140,Lee,Mcclure,lee.mcclure@example.com,44
141,Bates,Alexander,bates.alexander@example.com,47
142,Burris,Burt,burris.burt@example.com,47
143,Spears,Simpson,spears.simpson@example.com,46
144,Mccarty,Wong,mccarty.wong@example.com,37
145,Teri,Fuller,teri.fuller@example.com,50
146,Dominguez,Marks,dominguez.marks@example.com,17
147,Kathy,Cruz,kathy.cruz@example.com,31
148,Craft,Haney,craft.haney@example.com,23
149,Boone,Wheeler,boone.wheeler@example.com,53
150,Aimee,Thomas,aimee.thomas@example.com,42
151,Small,Wiley,small.wiley@example.com,35
152,Courtney,George,courtney.george@example.com,22
153,Peterson,Silva,peterson.silva@example.com,20
154,Antonia,House,antonia.house@example.com,41
155,Mercer,Rosario,mercer.rosario@example.com,55
156,Casey,Watson,casey.watson@example.com,31
157,Gibbs,Grimes,gibbs.grimes@example.com,43
158,Essie,Pacheco,essie.pacheco@example.com,21
159,Julianne,Valentine,julianne.valentine@example.com,36
160,Chris,Strickland,chris.strickland@example.com,23
161,Staci,Joseph,staci.joseph@example.com,29
162,Dean,Park,dean.park@example.com,23
163,Queen,Evans,queen.evans@example.com,21
164,Ingram,Clemons,ingram.clemons@example.com,25
165,Coleen,Rivers,coleen.rivers@example.com,17
166,Tessa,Sellers,tessa.sellers@example.com,36
167,Todd,Beard,todd.beard@example.com,39
168,Suzanne,Tucker,suzanne.tucker@example.com,17
169,Dionne,Dickson,dionne.dickson@example.com,40
170,Bettie,Martin,bettie.martin@example.com,52
171,Contreras,Mack,contreras.mack@example.com,22
172,Hyde,Beach,hyde.beach@example.com,31
173,Margarita,Barr,margarita.barr@example.com,40
174,Kent,Newton,kent.newton@example.com,39
175,Dorthy,Salas,dorthy.salas@example.com,31
176,Wilma,Barber,wilma.barber@example.com,25
177,Deirdre,Mccarty,deirdre.mccarty@example.com,20
178,Wong,Davis,wong.davis@example.com,26
179,Benton,Rowe,benton.rowe@example.com,53
180,Candace,Cole,candace.cole@example.com,33
181,Joni,Pruitt,joni.pruitt@example.com,51
182,Foreman,Hall,foreman.hall@example.com,26
183,Gilda,Rush,gilda.rush@example.com,38
184,Nixon,Edwards,nixon.edwards@example.com,26
185,Snow,Nunez,snow.nunez@example.com,44
186,Poole,Kemp,poole.kemp@example.com,39
187,Tamara,Hart,tamara.hart@example.com,25
188,Susana,Sykes,susana.sykes@example.com,55
189,Frieda,Mcconnell,frieda.mcconnell@example.com,16
190,Reese,Walker,reese.walker@example.com,20
191,Alice,Blackwell,alice.blackwell@example.com,16
192,Della,Bullock,della.bullock@example.com,18
193,Curtis,Ruiz,curtis.ruiz@example.com,31
194,Lucile,Fox,lucile.fox@example.com,20
195,Caldwell,Mejia,caldwell.mejia@example.com,51
196,Robyn,Johns,robyn.johns@example.com,37
197,Lawrence,Alford,lawrence.alford@example.com,47
198,Neal,Nelson,neal.nelson@example.com,27
199,Simone,Maxwell,simone.maxwell@example.com,38
200,Karla,Henson,karla.henson@example.com,44
201,Phyllis,Valencia,phyllis.valencia@example.com,47
202,Olson,Hyde,olson.hyde@example.com,29
203,Holman,Goff,holman.goff@example.com,42
204,Helga,Leon,helga.leon@example.com,50
205,Johanna,Estes,johanna.estes@example.com,29
206,Lynn,Curry,lynn.curry@example.com,53
207,Ollie,Myers,ollie.myers@example.com,20
208,Bethany,Randall,bethany.randall@example.com,19
209,Christian,Hendrix,christian.hendrix@example.com,53
210,Walter,Jacobson,walter.jacobson@example.com,50
211,Bolton,Pate,bolton.pate@example.com,25
212,Fischer,Mcmahon,fischer.mcmahon@example.com,46
213,Meadows,Heath,meadows.heath@example.com,37
214,Soto,Leblanc,soto.leblanc@example.com,25
215,Chapman,Fletcher,chapman.fletcher@example.com,41
216,Penny,Sanchez,penny.sanchez@example.com,42
217,Genevieve,Gallagher,genevieve.gallagher@example.com,35
218,Loretta,Moss,loretta.moss@example.com,39
219,Kathleen,Ferrell,kathleen.ferrell@example.com,54
220,Katherine,Pierce,katherine.pierce@example.com,46
221,Strickland,Conley,strickland.conley@example.com,45
222,Blanche,Faulkner,blanche.faulkner@example.com,30
223,Wilcox,Cameron,wilcox.cameron@example.com,33
224,Oneal,Peters,oneal.peters@example.com,49
225,Cassandra,Strong,cassandra.strong@example.com,31
226,Carolyn,Martinez,carolyn.martinez@example.com,51
227,Reyna,Blevins,reyna.blevins@example.com,31
228,Laurie,Townsend,laurie.townsend@example.com,24
229,Kenya,Chapman,kenya.chapman@example.com,37
230,Everett,Hawkins,everett.hawkins@example.com,31
231,Ashley,Cotton,ashley.cotton@example.com,23
232,Jasmine,Sullivan,jasmine.sullivan@example.com,43
233,Livingston,Patterson,livingston.patterson@example.com,51
234,Nicole,Long,nicole.long@example.com,32
235,Estes,Downs,estes.downs@example.com,51
236,Joyce,Franklin,joyce.franklin@example.com,53
237,Dale,Shepard,dale.shepard@example.com,17
238,Bianca,Schwartz,bianca.schwartz@example.com,23
239,Stafford,Mcneil,stafford.mcneil@example.com,20
240,Mays,Armstrong,mays.armstrong@example.com,38
241,Short,Gay,short.gay@example.com,36
242,Julie,Oliver,julie.oliver@example.com,19
243,Flora,Vance,flora.vance@example.com,50
244,Villarreal,Frost,villarreal.frost@example.com,21
245,Pitts,Farmer,pitts.farmer@example.com,37
246,Garner,Huffman,garner.huffman@example.com,27
247,Phoebe,Bowers,phoebe.bowers@example.com,29
248,Maldonado,Cervantes,maldonado.cervantes@example.com,44
249,Mcneil,Black,mcneil.black@example.com,32
250,Rhonda,Serrano,rhonda.serrano@example.com,43
251,Donovan,Sutton,donovan.sutton@example.com,28
252,Sheena,Pennington,sheena.pennington@example.com,44
253,Eloise,Velez,eloise.velez@example.com,17
254,Pamela,Stephens,pamela.stephens@example.com,34
255,Stein,Lynch,stein.lynch@example.com,48
256,Valeria,Fowler,valeria.fowler@example.com,34
257,Robbins,Watkins,robbins.watkins@example.com,20
258,Maryanne,Rogers,maryanne.rogers@example.com,26
259,Melva,Holmes,melva.holmes@example.com,26
260,Chrystal,Barker,chrystal.barker@example.com,53
261,Davis,Meyers,davis.meyers@example.com,43
262,Wells,Hanson,wells.hanson@example.com,50
263,Tanner,Bradley,tanner.bradley@example.com,40
264,Jensen,Burgess,jensen.burgess@example.com,24
265,Darlene,Craft,darlene.craft@example.com,22
266,Solomon,Giles,solomon.giles@example.com,36
267,Helen,Doyle,helen.doyle@example.com,44
268,Nieves,Kline,nieves.kline@example.com,33
269,Hope,Forbes,hope.forbes@example.com,52
270,Aguirre,Medina,aguirre.medina@example.com,48
271,Good,Combs,good.combs@example.com,47
272,Carly,Macdonald,carly.macdonald@example.com,38
273,Knox,Bartlett,knox.bartlett@example.com,29
274,Gayle,Tillman,gayle.tillman@example.com,24
275,Carpenter,Underwood,carpenter.underwood@example.com,46
276,April,Aguilar,april.aguilar@example.com,30
277,Porter,Wade,porter.wade@example.com,35
278,Pat,Perkins,pat.perkins@example.com,47
279,Nellie,Solis,nellie.solis@example.com,45
280,Wheeler,Carter,wheeler.carter@example.com,51
281,Heather,Sawyer,heather.sawyer@example.com,25
282,King,Ramos,king.ramos@example.com,27
283,Krystal,Mooney,krystal.mooney@example.com,24
284,Ladonna,Graham,ladonna.graham@example.com,29
285,Harvey,Vinson,harvey.vinson@example.com,49
286,Grant,Whitfield,grant.whitfield@example.com,29
287,Juliet,Wall,juliet.wall@example.com,28
288,John,Mcdaniel,john.mcdaniel@example.com,30
289,Shields,Hernandez,shields.hernandez@example.com,29
290,Josefa,Holloway,josefa.holloway@example.com,44
291,Lara,Woodward,lara.woodward@example.com,30
292,Clara,Dunlap,clara.dunlap@example.com,50
293,Marcia,Donaldson,marcia.donaldson@example.com,35
294,Celeste,Larson,celeste.larson@example.com,38
295,Sonia,Dean,sonia.dean@example.com,35
296,Noble,Richard,noble.richard@example.com,25
297,Waller,Estrada,waller.estrada@example.com,36
298,Murray,Keith,murray.keith@example.com,25
299,Terrie,Kelly,terrie.kelly@example.com,30
300,Lorrie,Cook,lorrie.cook@example.com,53
301,Mack,Hartman,mack.hartman@example.com,34
302,Higgins,Hampton,higgins.hampton@example.com,19
303,Booker,Castaneda,booker.castaneda@example.com,31
304,Edith,Humphrey,edith.humphrey@example.com,47
305,Pena,Rojas,pena.rojas@example.com,33
306,Nola,Bridges,nola.bridges@example.com,39
307,Christi,Baldwin,christi.baldwin@example.com,30
308,Murphy,Buchanan,murphy.buchanan@example.com,29
309,Andrea,Lambert,andrea.lambert@example.com,23
310,Deanna,Ray,deanna.ray@example.com,26
311,Mckinney,May,mckinney.may@example.com,22
312,Lowery,Garner,lowery.garner@example.com,47
313,Janette,Owen,janette.owen@example.com,38
314,Mills,Witt,mills.witt@example.com,37
315,Kennedy,Burton,kennedy.burton@example.com,26
316,Moon,Lopez,moon.lopez@example.com,29
317,Elva,Phillips,elva.phillips@example.com,31
318,Duncan,Mercer,duncan.mercer@example.com,49
319,Lynch,Rose,lynch.rose@example.com,23
320,Reilly,Nielsen,reilly.nielsen@example.com,34
321,Hannah,Boyer,hannah.boyer@example.com,41
322,Cindy,Vincent,cindy.vincent@example.com,46
323,Eaton,Petty,eaton.petty@example.com,26
324,Bonita,Dotson,bonita.dotson@example.com,18
325,Irma,Trujillo,irma.trujillo@example.com,52
326,Calderon,Marquez,calderon.marquez@example.com,53
327,Gladys,Holman,gladys.holman@example.com,30
328,Isabel,Knox,isabel.knox@example.com,53
329,Rojas,Salinas,rojas.salinas@example.com,33
330,Jocelyn,Adams,jocelyn.adams@example.com,46
331,Teresa,Emerson,teresa.emerson@example.com,33
332,Ella,Berg,ella.berg@example.com,55
333,Holland,Stewart,holland.stewart@example.com,20
334,Shirley,Huber,shirley.huber@example.com,48
335,Tami,Cunningham,tami.cunningham@example.com,29
336,Amie,Spears,amie.spears@example.com,55
337,Lea,Snow,lea.snow@example.com,22
338,Olga,Stark,olga.stark@example.com,23
339,Sherrie,Workman,sherrie.workman@example.com,16
340,Cherry,Gray,cherry.gray@example.com,40
341,Brooke,Rowland,brooke.rowland@example.com,46
342,Roxie,Casey,roxie.casey@example.com,19
343,Orr,Meyer,orr.meyer@example.com,25
344,Cheri,Vega,cheri.vega@example.com,42
345,Alisha,Roberts,alisha.roberts@example.com,46
346,Verna,Garrison,verna.garrison@example.com,31
347,Sallie,Ratliff,sallie.ratliff@example.com,50
348,Lottie,Miles,lottie.miles@example.com,21
349,Russell,Odom,russell.odom@example.com,16
350,Rosalinda,Paul,rosalinda.paul@example.com,36
351,Herring,Roach,herring.roach@example.com,46
352,Hutchinson,Merrill,hutchinson.merrill@example.com,45
353,Emma,Booker,emma.booker@example.com,17
354,Landry,Reed,landry.reed@example.com,26
355,Jackson,Sims,jackson.sims@example.com,35
356,Leslie,Hess,leslie.hess@example.com,45
357,Montoya,Stokes,montoya.stokes@example.com,44
358,Ofelia,Sanford,ofelia.sanford@example.com,20
359,Mariana,Terry,mariana.terry@example.com,45
360,Sampson,Drake,sampson.drake@example.com,54
361,Crane,Mayer,crane.mayer@example.com,49
362,Jacqueline,Rutledge,jacqueline.rutledge@example.com,46
363,Kara,Harris,kara.harris@example.com,20
364,Hilda,Tran,hilda.tran@example.com,50
365,Medina,Nash,medina.nash@example.com,50
366,Sharpe,Hodges,sharpe.hodges@example.com,27
367,Vicky,Marsh,vicky.marsh@example.com,42
368,Celina,Ortega,celina.ortega@example.com,36
369,Malinda,Travis,malinda.travis@example.com,50
370,Velazquez,Grant,velazquez.grant@example.com,20
371,Frances,England,frances.england@example.com,44
372,Thomas,Dillon,thomas.dillon@example.com,17
373,Mcknight,Palmer,mcknight.palmer@example.com,47
374,Witt,Beck,witt.beck@example.com,31
375,Goodman,Holt,goodman.holt@example.com,46
376,Galloway,Stout,galloway.stout@example.com,22
377,Cross,Navarro,cross.navarro@example.com,35
378,Whitehead,Bray,whitehead.bray@example.com,21
379,Dora,Ward,dora.ward@example.com,37
380,Lola,Rivas,lola.rivas@example.com,16
381,Decker,Good,decker.good@example.com,35
382,Heidi,Galloway,heidi.galloway@example.com,43
383,Bartlett,Glenn,bartlett.glenn@example.com,19
384,Rich,Hardy,rich.hardy@example.com,21
385,Lizzie,Gardner,lizzie.gardner@example.com,53
386,Moran,Patton,moran.patton@example.com,52
387,Wilson,Pugh,wilson.pugh@example.com,45
388,Johnston,Byrd,johnston.byrd@example.com,18
389,Danielle,Wood,danielle.wood@example.com,41
390,Lindsey,Pitts,lindsey.pitts@example.com,22
391,Warner,Luna,warner.luna@example.com,23
392,Nanette,Dominguez,nanette.dominguez@example.com,25
393,Marisa,Hull,marisa.hull@example.com,38
394,Nina,Bush,nina.bush@example.com,45
395,Lamb,Frazier,lamb.frazier@example.com,32
396,Berta,Ochoa,berta.ochoa@example.com,53
397,Nell,Irwin,nell.irwin@example.com,24
398,Horton,Espinoza,horton.espinoza@example.com,36
399,Jan,Wiggins,jan.wiggins@example.com,17
400,Hoover,Soto,hoover.soto@example.com,19
401,Mercedes,Hansen,mercedes.hansen@example.com,37
402,Nita,Hewitt,nita.hewitt@example.com,45
403,Mari,Solomon,mari.solomon@example.com,38
404,Aisha,Ashley,aisha.ashley@example.com,18
405,Norman,Lyons,norman.lyons@example.com,35
406,Ratliff,Francis,ratliff.francis@example.com,46
407,Rosie,Lawrence,rosie.lawrence@example.com,19
408,Adela,Savage,adela.savage@example.com,43
409,Maxine,Rivera,maxine.rivera@example.com,46
410,Elnora,Steele,elnora.steele@example.com,27
411,Luz,Harmon,luz.harmon@example.com,26
412,Gabrielle,Hendricks,gabrielle.hendricks@example.com,45
413,Miriam,Fitzgerald,miriam.fitzgerald@example.com,31
414,Henry,Arnold,henry.arnold@example.com,44
415,Cooke,Lamb,cooke.lamb@example.com,54
416,Antoinette,Bonner,antoinette.bonner@example.com,55
417,Dillon,Hurst,dillon.hurst@example.com,50
418,Melody,Head,melody.head@example.com,16
419,Cleveland,Moses,cleveland.moses@example.com,17
420,Lauren,Roy,lauren.roy@example.com,54
421,Beth,Melendez,beth.melendez@example.com,44
422,Kristen,Shannon,kristen.shannon@example.com,19
423,Angelique,Wilder,angelique.wilder@example.com,31
424,Amelia,Carlson,amelia.carlson@example.com,20
425,Giles,Gill,giles.gill@example.com,26
426,Copeland,Rollins,copeland.rollins@example.com,39
427,Louise,Stevens,louise.stevens@example.com,33
428,Parks,Skinner,parks.skinner@example.com,45
429,Davidson,Weaver,davidson.weaver@example.com,45
430,Angelina,Griffin,angelina.griffin@example.com,25
431,Lupe,Crane,lupe.crane@example.com,49
432,Billie,Watts,billie.watts@example.com,50
433,Rosalind,Cantrell,rosalind.cantrell@example.com,53
434,Leonor,Potts,leonor.potts@example.com,26
435,Dunlap,Riley,dunlap.riley@example.com,45
436,Patterson,Lancaster,patterson.lancaster@example.com,32
437,Blankenship,Gilliam,blankenship.gilliam@example.com,39
438,Lott,Lawson,lott.lawson@example.com,49
439,Erica,Cain,erica.cain@example.com,28
440,Buck,Bright,buck.bright@example.com,39
441,Donna,Compton,donna.compton@example.com,36
442,Mclean,Briggs,mclean.briggs@example.com,40
443,Hensley,Ryan,hensley.ryan@example.com,29
444,Kelsey,Sexton,kelsey.sexton@example.com,17
445,White,Miranda,white.miranda@example.com,26
446,Fulton,Barrera,fulton.barrera@example.com,19
447,Tammie,Payne,tammie.payne@example.com,35
448,Merrill,Everett,merrill.everett@example.com,21
449,Kirk,Bates,kirk.bates@example.com,24
450,Robinson,Morton,robinson.morton@example.com,26
451,Goodwin,Floyd,goodwin.floyd@example.com,22
452,Hughes,Madden,hughes.madden@example.com,35
453,Renee,Greer,renee.greer@example.com,28
454,Mcdowell,Sandoval,mcdowell.sandoval@example.com,45
455,Fleming,Foley,fleming.foley@example.com,54
456,Stephenson,Barnett,stephenson.barnett@example.com,42
457,Annie,Mcgowan,annie.mcgowan@example.com,29
458,Church,Bryant,church.bryant@example.com,37
459,Tanisha,Wilkerson,tanisha.wilkerson@example.com,37
460,Nikki,Robles,nikki.robles@example.com,38
461,Osborn,Hester,osborn.hester@example.com,48
462,Nelson,Hatfield,nelson.hatfield@example.com,20
463,Margie,Mcdonald,margie.mcdonald@example.com,54
464,Vinson,Wolfe,vinson.wolfe@example.com,48
465,Patsy,Bowen,patsy.bowen@example.com,25
466,Dixie,Levine,dixie.levine@example.com,17
467,Dorothy,Baker,dorothy.baker@example.com,53
468,Wooten,Terrell,wooten.terrell@example.com,54
469,Kirkland,Hood,kirkland.hood@example.com,28
470,Lelia,Neal,lelia.neal@example.com,53
471,Wall,Hayden,wall.hayden@example.com,25
472,West,Guthrie,west.guthrie@example.com,25
473,Whitfield,Walters,whitfield.walters@example.com,37
474,Trujillo,Gutierrez,trujillo.gutierrez@example.com,16
475,Margo,Carney,margo.carney@example.com,18
476,Gaines,Johnston,gaines.johnston@example.com,43
477,Pugh,Gilbert,pugh.gilbert@example.com,45
478,Gould,Moreno,gould.moreno@example.com,22
479,Kelly,Norman,kelly.norman@example.com,31
480,Garcia,Patrick,garcia.patrick@example.com,22
481,Adriana,Bradford,adriana.bradford@example.com,39
482,Wilkerson,Ferguson,wilkerson.ferguson@example.com,43
483,Sosa,Baird,sosa.baird@example.com,54
484,Carter,Bentley,carter.bentley@example.com,31
485,Diane,Ellis,diane.ellis@example.com,43
486,Sara,Hunt,sara.hunt@example.com,22
487,Sarah,Garza,sarah.garza@example.com,28
488,Amy,Leonard,amy.leonard@example.com,17
489,Gwen,Pratt,gwen.pratt@example.com,42
490,Estrada,Gates,estrada.gates@example.com,39
491,Mayo,Moon,mayo.moon@example.com,53
492,Norton,Daniel,norton.daniel@example.com,49
493,Megan,Stanton,megan.stanton@example.com,42
494,Avery,Mercado,avery.mercado@example.com,37
495,Hunter,Benjamin,hunter.benjamin@example.com,31
496,Marie,Kaufman,marie.kaufman@example.com,54
497,Faith,Sosa,faith.sosa@example.com,52
498,Marta,Mccarthy,marta.mccarthy@example.com,49
499,Felicia,Dejesus,felicia.dejesus@example.com,28
500,Sonya,Dudley,sonya.dudley@example.com,25
501,Taylor,Dale,taylor.dale@example.com,52
502,Alyson,Larsen,alyson.larsen@example.com,54
503,Araceli,Shaffer,araceli.shaffer@example.com,22
504,Madden,York,madden.york@example.com,54
505,Kathryn,Weber,kathryn.weber@example.com,48
506,Augusta,Hammond,augusta.hammond@example.com,40
507,Tran,Roth,tran.roth@example.com,44
508,Winters,Small,winters.small@example.com,34
509,Sherry,Mendoza,sherry.mendoza@example.com,31
510,Valarie,Wooten,valarie.wooten@example.com,42
511,Albert,Cleveland,albert.cleveland@example.com,33
512,Kendra,Johnson,kendra.johnson@example.com,36
513,Laverne,Hurley,laverne.hurley@example.com,22
514,Cristina,Sheppard,cristina.sheppard@example.com,55
515,Marian,Zamora,marian.zamora@example.com,18
516,Fletcher,Fields,fletcher.fields@example.com,52
517,Adele,Deleon,adele.deleon@example.com,40
518,Valerie,Foster,valerie.foster@example.com,45
519,Hess,Oneil,hess.oneil@example.com,22
520,Roy,Walsh,roy.walsh@example.com,34
521,Bertie,Scott,bertie.scott@example.com,40
522,Hickman,David,hickman.david@example.com,45
523,Lidia,Barron,lidia.barron@example.com,30
524,Amber,Kent,amber.kent@example.com,50
525,Samantha,Chan,samantha.chan@example.com,53
526,Imelda,Burke,imelda.burke@example.com,47
527,Dejesus,Britt,dejesus.britt@example.com,52
528,Naomi,Kramer,naomi.kramer@example.com,44
529,House,Glass,house.glass@example.com,49
530,Marva,Vaughan,marva.vaughan@example.com,36
531,Ruiz,Daugherty,ruiz.daugherty@example.com,25
532,Johns,Callahan,johns.callahan@example.com,46
533,Berger,Castillo,berger.castillo@example.com,16
534,Mccall,Haynes,mccall.haynes@example.com,48
535,Rice,Banks,rice.banks@example.com,35
536,Barlow,Carr,barlow.carr@example.com,30
537,Hooper,Mayo,hooper.mayo@example.com,17
538,Michelle,William,michelle.william@example.com,18
539,Cassie,Bishop,cassie.bishop@example.com,32
540,Connie,Malone,connie.malone@example.com,17
541,Ola,Mcfadden,ola.mcfadden@example.com,54
542,Hale,Gibson,hale.gibson@example.com,32
543,Watson,Kelley,watson.kelley@example.com,47
544,Liz,Rodriquez,liz.rodriquez@example.com,17
545,Roth,Sampson,roth.sampson@example.com,51
546,Lacey,Ford,lacey.ford@example.com,49
547,Bauer,Avery,bauer.avery@example.com,17
548,Tonya,Burch,tonya.burch@example.com,18
549,Morrison,Osborne,morrison.osborne@example.com,36
550,Michele,Conway,michele.conway@example.com,23
551,Penelope,Pearson,penelope.pearson@example.com,50
552,Odessa,Delaney,odessa.delaney@example.com,47
553,Howe,Pena,howe.pena@example.com,32
554,Gretchen,Sanders,gretchen.sanders@example.com,31
555,Clay,Sharpe,clay.sharpe@example.com,33
556,Fowler,Boyd,fowler.boyd@example.com,16
557,Johnnie,Slater,johnnie.slater@example.com,16
558,Clarke,Washington,clarke.washington@example.com,39
559,Jones,Mosley,jones.mosley@example.com,21
560,Jayne,Saunders,jayne.saunders@example.com,20
561,Etta,Haley,etta.haley@example.com,51
562,Hill,Buckner,hill.buckner@example.com,29
563,Valdez,Hughes,valdez.hughes@example.com,53
564,Battle,Mcintyre,battle.mcintyre@example.com,27
565,Maura,Morris,maura.morris@example.com,46
566,Kelly,Wilkinson,kelly.wilkinson@example.com,36
567,Cotton,Holcomb,cotton.holcomb@example.com,19
568,Summer,Murphy,summer.murphy@example.com,38
569,Mosley,Rios,mosley.rios@example.com,25
570,Faye,Ingram,faye.ingram@example.com,47
571,Edwina,Lowe,edwina.lowe@example.com,22
572,Woodward,Brown,woodward.brown@example.com,21
573,Peggy,Alston,peggy.alston@example.com,18
574,Brittney,Cortez,brittney.cortez@example.com,16
575,Lilly,Mccall,lilly.mccall@example.com,47
576,Richardson,Harrington,richardson.harrington@example.com,41
577,Kim,Atkins,kim.atkins@example.com,42
578,Mcmahon,Mcfarland,mcmahon.mcfarland@example.com,52
579,Brigitte,Mcintosh,brigitte.mcintosh@example.com,32
580,Linda,Suarez,linda.suarez@example.com,40
581,Hilary,Mitchell,hilary.mitchell@example.com,21
582,Elise,Middleton,elise.middleton@example.com,48
583,Farrell,Mcdowell,farrell.mcdowell@example.com,18
584,Gwendolyn,Robbins,gwendolyn.robbins@example.com,50
585,Mayra,Alvarez,mayra.alvarez@example.com,42
586,Lavonne,Cash,lavonne.cash@example.com,33
587,Lora,Whitehead,lora.whitehead@example.com,32
588,Lara,Newman,lara.newman@example.com,47
589,Violet,Henderson,violet.henderson@example.com,35
590,Bailey,Peterson,bailey.peterson@example.com,16
591,Vasquez,Dyer,vasquez.dyer@example.com,32
592,Geraldine,Reynolds,geraldine.reynolds@example.com,21
593,Barton,Mathews,barton.mathews@example.com,30
594,Earlene,Moody,earlene.moody@example.com,26
595,Zimmerman,Olsen,zimmerman.olsen@example.com,27
596,Erickson,Manning,erickson.manning@example.com,28
597,Mara,Whitney,mara.whitney@example.com,52
598,Elsa,Hoffman,elsa.hoffman@example.com,20
599,Gill,Shields,gill.shields@example.com,55
600,Campos,Gilmore,campos.gilmore@example.com,45
601,Petra,Fulton,petra.fulton@example.com,50
602,Brown,Wilkins,brown.wilkins@example.com,48
603,Rowe,Horn,rowe.horn@example.com,28
604,Lila,Dalton,lila.dalton@example.com,43
605,Alison,Castro,alison.castro@example.com,49
606,Delaney,Montoya,delaney.montoya@example.com,44
607,Barnett,Spencer,barnett.spencer@example.com,37
608,Patrick,Gibbs,patrick.gibbs@example.com,18
609,Price,Singleton,price.singleton@example.com,35
610,Sears,Richmond,sears.richmond@example.com,29
611,Concetta,Clements,concetta.clements@example.com,17
612,Vargas,Mcguire,vargas.mcguire@example.com,55
613,Marci,Burns,marci.burns@example.com,36
614,Mckee,Berger,mckee.berger@example.com,23
615,Stewart,Hudson,stewart.hudson@example.com,44
616,Stanley,Caldwell,stanley.caldwell@example.com,36
617,Britt,Harrison,britt.harrison@example.com,34
618,Sexton,Langley,sexton.langley@example.com,31
619,Clarissa,Wynn,clarissa.wynn@example.com,44
620,Earline,Benson,earline.benson@example.com,26
621,Flossie,Mccullough,flossie.mccullough@example.com,46
622,Kathrine,Cantu,kathrine.cantu@example.com,38
623,Henrietta,Snyder,henrietta.snyder@example.com,31
624,Katrina,Raymond,katrina.raymond@example.com,36
625,Pittman,Bond,pittman.bond@example.com,38
626,Hoffman,Rosales,hoffman.rosales@example.com,42
627,Dyer,Noel,dyer.noel@example.com,39
628,Sheree,Cobb,sheree.cobb@example.com,45
629,Monroe,Chen,monroe.chen@example.com,53
630,Mcdonald,Becker,mcdonald.becker@example.com,27
631,Zelma,Swanson,zelma.swanson@example.com,35
632,Alberta,Riddle,alberta.riddle@example.com,16
633,Morse,Chandler,morse.chandler@example.com,27
634,Sparks,Bruce,sparks.bruce@example.com,47
635,Nielsen,Harrell,nielsen.harrell@example.com,25
636,Gail,Richardson,gail.richardson@example.com,34
637,Pollard,James,pollard.james@example.com,48
638,Ray,Ball,ray.ball@example.com,31
639,Jean,Chase,jean.chase@example.com,30
640,Brittany,Murray,brittany.murray@example.com,50
641,Abigail,Barry,abigail.barry@example.com,38
642,Ortiz,Barrett,ortiz.barrett@example.com,25
643,Sharon,Randolph,sharon.randolph@example.com,49
644,Christie,Nolan,christie.nolan@example.com,36
645,Barber,Brennan,barber.brennan@example.com,49
646,Bentley,Russo,bentley.russo@example.com,29
647,May,Fuentes,may.fuentes@example.com,31
648,Gabriela,Aguirre,gabriela.aguirre@example.com,52
649,Bernard,Cooke,bernard.cooke@example.com,28
650,Stuart,Henry,stuart.henry@example.com,32
651,Barron,Reese,barron.reese@example.com,48
652,Juliette,Rosa,juliette.rosa@example.com,52
653,Bernadine,Trevino,bernadine.trevino@example.com,32
654,Butler,Clayton,butler.clayton@example.com,32
655,Wagner,Farley,wagner.farley@example.com,26
656,Morales,Barton,morales.barton@example.com,21
657,Dickerson,Hahn,dickerson.hahn@example.com,17
658,Atkins,Flores,atkins.flores@example.com,44
659,Conner,Eaton,conner.eaton@example.com,23
660,Hunt,Snider,hunt.snider@example.com,35
661,Combs,Poole,combs.poole@example.com,20
662,Beryl,Wilson,beryl.wilson@example.com,20
663,Marissa,Duffy,marissa.duffy@example.com,51
664,Louisa,Butler,louisa.butler@example.com,31
665,Schmidt,Obrien,schmidt.obrien@example.com,19
666,Maggie,Page,maggie.page@example.com,40
667,Scott,Pollard,scott.pollard@example.com,55
668,Morton,Cummings,morton.cummings@example.com,18
669,Bennett,Monroe,bennett.monroe@example.com,54
670,Hahn,Foreman,hahn.foreman@example.com,21
671,Rhodes,Atkinson,rhodes.atkinson@example.com,25
672,Cecile,Villarreal,cecile.villarreal@example.com,55
673,Wolfe,Brock,wolfe.brock@example.com,32
674,Charmaine,Mcmillan,charmaine.mcmillan@example.com,50
675,Levy,Blankenship,levy.blankenship@example.com,33
676,Oneil,Mckenzie,oneil.mckenzie@example.com,22
677,Richard,Molina,richard.molina@example.com,27
678,Delores,Kirby,delores.kirby@example.com,42
679,Day,Christian,day.christian@example.com,20
680,Keller,Leach,keller.leach@example.com,49
681,Janine,Baxter,janine.baxter@example.com,33
682,Montgomery,Donovan,montgomery.donovan@example.com,27
683,Karin,Olson,karin.olson@example.com,18
684,Alexandria,Kane,alexandria.kane@example.com,38
685,Cote,Marshall,cote.marshall@example.com,35
686,Brandy,Klein,brandy.klein@example.com,49
687,Parrish,Contreras,parrish.contreras@example.com,18
688,Lela,Mccormick,lela.mccormick@example.com,52
689,Priscilla,English,priscilla.english@example.com,31
690,Salinas,Burris,salinas.burris@example.com,40
691,Joyner,Pace,joyner.pace@example.com,25
692,Gutierrez,Ayers,gutierrez.ayers@example.com,45
693,Sellers,Maldonado,sellers.maldonado@example.com,28
694,Stephanie,Green,stephanie.green@example.com,28
695,Cathy,Camacho,cathy.camacho@example.com,39
696,Benjamin,Quinn,benjamin.quinn@example.com,49
697,Rosa,Reid,rosa.reid@example.com,38
698,Keith,Bauer,keith.bauer@example.com,47
699,Henson,Duke,henson.duke@example.com,53
700,Marquita,Landry,marquita.landry@example.com,21
701,Jordan,Cline,jordan.cline@example.com,45
702,Elma,Davidson,elma.davidson@example.com,32
703,Harris,Rhodes,harris.rhodes@example.com,44
704,Tamra,Brady,tamra.brady@example.com,48
705,Josefina,Dillard,josefina.dillard@example.com,33
706,Leonard,Mathis,leonard.mathis@example.com,30
707,Matthews,Lara,matthews.lara@example.com,51
708,Carissa,Webster,carissa.webster@example.com,17
709,Jacobson,Battle,jacobson.battle@example.com,25
710,Mclaughlin,Maynard,mclaughlin.maynard@example.com,42
711,Imogene,Elliott,imogene.elliott@example.com,38
712,Angela,Dixon,angela.dixon@example.com,53
713,Dudley,Cooley,dudley.cooley@example.com,48
714,Yolanda,Best,yolanda.best@example.com,48
715,Logan,Hunter,logan.hunter@example.com,48
716,Marshall,Hancock,marshall.hancock@example.com,45
717,Callahan,Allison,callahan.allison@example.com,39
718,Geneva,Gillespie,geneva.gillespie@example.com,32
719,Lee,Graves,lee.graves@example.com,39
720,Santana,Sharp,santana.sharp@example.com,25
721,Conley,Shepherd,conley.shepherd@example.com,47
722,Greene,Christensen,greene.christensen@example.com,18
723,Meredith,Simmons,meredith.simmons@example.com,17
724,Summers,Lane,summers.lane@example.com,38
725,Hodges,Duncan,hodges.duncan@example.com,41
726,Tyler,Moore,tyler.moore@example.com,32
727,Hart,Avila,hart.avila@example.com,52
728,Thornton,Garcia,thornton.garcia@example.com,51
729,Martina,Boone,martina.boone@example.com,42
730,Lucille,Richards,lucille.richards@example.com,54
731,Stacie,Rasmussen,stacie.rasmussen@example.com,46
732,Jenifer,Mills,jenifer.mills@example.com,33
733,Carol,Thompson,carol.thompson@example.com,27
734,Yvonne,Flynn,yvonne.flynn@example.com,20
735,Francisca,Perry,francisca.perry@example.com,47
736,Franks,Colon,franks.colon@example.com,32
737,Garrett,Mckinney,garrett.mckinney@example.com,30
738,Sanchez,Gregory,sanchez.gregory@example.com,27
739,Karina,Zimmerman,karina.zimmerman@example.com,29
740,Rogers,Frye,rogers.frye@example.com,45
741,Harrell,Mcgee,harrell.mcgee@example.com,50
742,Bridges,Carpenter,bridges.carpenter@example.com,20
743,Anita,Ramsey,anita.ramsey@example.com,48
744,Ginger,Parrish,ginger.parrish@example.com,24
745,Mccullough,Petersen,mccullough.petersen@example.com,20
746,Stacey,Guzman,stacey.guzman@example.com,50
747,Shelia,Burks,shelia.burks@example.com,50
748,Macdonald,Booth,macdonald.booth@example.com,38
749,Gomez,Santos,gomez.santos@example.com,40
750,Rae,Schroeder,rae.schroeder@example.com,38
751,Kristi,Keller,kristi.keller@example.com,52
752,Claudine,Love,claudine.love@example.com,53
753,Mildred,Welch,mildred.welch@example.com,35
754,Bridget,White,bridget.white@example.com,38
755,Esmeralda,Orr,esmeralda.orr@example.com,40
756,Wade,Guerrero,wade.guerrero@example.com,27
757,Burton,Shelton,burton.shelton@example.com,20
758,Williams,Conner,williams.conner@example.com,28
759,Salazar,Huff,salazar.huff@example.com,21
760,Pierce,Chavez,pierce.chavez@example.com,33
761,Delia,Mullins,delia.mullins@example.com,28
762,Rios,Walter,rios.walter@example.com,40
763,Johnson,Buck,johnson.buck@example.com,42
764,Trisha,Schneider,trisha.schneider@example.com,44
765,Aguilar,Shaw,aguilar.shaw@example.com,37
766,Felecia,Jensen,felecia.jensen@example.com,22
767,Debbie,Bolton,debbie.bolton@example.com,19
768,Carmen,Franks,carmen.franks@example.com,48
769,Crawford,Willis,crawford.willis@example.com,50
770,Olive,Cabrera,olive.cabrera@example.com,16
771,Powell,Wise,powell.wise@example.com,32
772,Kline,Byers,kline.byers@example.com,48
773,Maribel,Bell,maribel.bell@example.com,51
774,Alana,Blair,alana.blair@example.com,54
775,Lynnette,Kirk,lynnette.kirk@example.com,40
776,Owens,Howe,owens.howe@example.com,28
777,Hinton,Hebert,hinton.hebert@example.com,38
778,Gilliam,Acosta,gilliam.acosta@example.com,50
779,Wiggins,Taylor,wiggins.taylor@example.com,35
780,Maryann,Herman,maryann.herman@example.com,52
781,Jennings,Whitley,jennings.whitley@example.com,27
782,Alvarado,Mason,alvarado.mason@example.com,28
783,Michael,Day,michael.day@example.com,48
784,Little,Alvarado,little.alvarado@example.com,50
785,Francis,Waters,francis.waters@example.com,17
786,Pope,Holland,pope.holland@example.com,27
787,Saundra,Campos,saundra.campos@example.com,27
788,Ortega,Whitaker,ortega.whitaker@example.com,43
789,Rush,Warner,rush.warner@example.com,52
790,Hancock,Cochran,hancock.cochran@example.com,33
791,Clayton,Griffith,clayton.griffith@example.com,45
792,Cain,Delgado,cain.delgado@example.com,42
793,Dona,Sparks,dona.sparks@example.com,29
794,Christina,Sweeney,christina.sweeney@example.com,30
795,Harriet,Reilly,harriet.reilly@example.com,29
796,Joyce,Vasquez,joyce.vasquez@example.com,17
797,Dorothea,Dunn,dorothea.dunn@example.com,28
798,Hayden,Bass,hayden.bass@example.com,24
799,Henderson,Reyes,henderson.reyes@example.com,20
800,Bonnie,Summers,bonnie.summers@example.com,53
801,Cummings,Sargent,cummings.sargent@example.com,29
802,Salas,Bradshaw,salas.bradshaw@example.com,21
803,Selena,Ayala,selena.ayala@example.com,50
804,Ava,Cox,ava.cox@example.com,36
805,Bryant,Gordon,bryant.gordon@example.com,32
806,Darcy,Harper,darcy.harper@example.com,36
807,Burnett,Pickett,burnett.pickett@example.com,51
808,Kris,Kim,kris.kim@example.com,37
809,Doreen,Little,doreen.little@example.com,27
810,Bridgette,Santiago,bridgette.santiago@example.com,54
811,Mckenzie,Lee,mckenzie.lee@example.com,36
812,Prince,Copeland,prince.copeland@example.com,50
813,Angel,Owens,angel.owens@example.com,55
814,Manuela,Hodge,manuela.hodge@example.com,42
815,Key,Odonnell,key.odonnell@example.com,16
816,Stark,Valdez,stark.valdez@example.com,52
817,Shawna,Diaz,shawna.diaz@example.com,17
818,Maynard,Frank,maynard.frank@example.com,29
819,Rachelle,Macias,rachelle.macias@example.com,39
820,Rivera,Mcclain,rivera.mcclain@example.com,17
821,Hillary,Norris,hillary.norris@example.com,24
822,Mullins,Herring,mullins.herring@example.com,55
823,Briana,Cross,briana.cross@example.com,26
824,Hudson,Rocha,hudson.rocha@example.com,36
825,Conrad,Morrow,conrad.morrow@example.com,42
826,Reba,Young,reba.young@example.com,17
827,Beck,Gamble,beck.gamble@example.com,37
828,Stevenson,Cooper,stevenson.cooper@example.com,16
829,Katharine,Craig,katharine.craig@example.com,43
830,Dennis,Carrillo,dennis.carrillo@example.com,37
831,Angelia,Velasquez,angelia.velasquez@example.com,52
832,Frank,Mccray,frank.mccray@example.com,29
833,Coleman,Morgan,coleman.morgan@example.com,51
834,Rosemary,Freeman,rosemary.freeman@example.com,49
835,Graham,Mullen,graham.mullen@example.com,35
836,Alston,Hutchinson,alston.hutchinson@example.com,34
837,Tabatha,Price,tabatha.price@example.com,16
838,Lane,Guy,lane.guy@example.com,16
839,Aurelia,Carver,aurelia.carver@example.com,46
840,Ware,Cote,ware.cote@example.com,28
841,Olivia,Nixon,olivia.nixon@example.com,21
842,Melanie,Maddox,melanie.maddox@example.com,21
843,Bettye,Torres,bettye.torres@example.com,55
844,Herman,Hayes,herman.hayes@example.com,40
845,Morin,Stanley,morin.stanley@example.com,53
846,Terry,Mann,terry.mann@example.com,29
847,Hester,Morales,hester.morales@example.com,24
848,Flynn,Rodgers,flynn.rodgers@example.com,17
849,Marguerite,Norton,marguerite.norton@example.com,26
850,Glenda,Acevedo,glenda.acevedo@example.com,54
851,Jerry,Clarke,jerry.clarke@example.com,31
852,Maude,Kerr,maude.kerr@example.com,44
853,Terri,Puckett,terri.puckett@example.com,28
854,Molina,Harding,molina.harding@example.com,24
855,Gross,Branch,gross.branch@example.com,54
856,Cynthia,Koch,cynthia.koch@example.com,52
857,Daniel,Williams,daniel.williams@example.com,28
858,Alisa,Cherry,alisa.cherry@example.com,39
859,Howell,Kidd,howell.kidd@example.com,23
860,Kerry,Levy,kerry.levy@example.com,18
861,Nunez,Gomez,nunez.gomez@example.com,27
862,Delgado,Vaughn,delgado.vaughn@example.com,43
863,Potts,Duran,potts.duran@example.com,44
864,Snyder,Bailey,snyder.bailey@example.com,45
865,York,Fleming,york.fleming@example.com,24
866,Wright,Greene,wright.greene@example.com,22
867,Williamson,Mcknight,williamson.mcknight@example.com,21
868,Lester,Mays,lester.mays@example.com,17
869,Pearlie,Ramirez,pearlie.ramirez@example.com,55
870,Ericka,Barnes,ericka.barnes@example.com,20
871,Wallace,Howard,wallace.howard@example.com,19
872,Juliana,Bowman,juliana.bowman@example.com,24
873,Holly,Sweet,holly.sweet@example.com,34
874,Vickie,Harvey,vickie.harvey@example.com,28
875,Charlene,Horton,charlene.horton@example.com,24
876,Harrison,Collins,harrison.collins@example.com,28
877,Craig,Pittman,craig.pittman@example.com,44
878,Wood,Church,wood.church@example.com,38
879,Sophie,Oconnor,sophie.oconnor@example.com,25
880,Jacquelyn,Holder,jacquelyn.holder@example.com,48
881,Chase,Goodman,chase.goodman@example.com,35
882,Beard,Herrera,beard.herrera@example.com,55
883,Ross,Horne,ross.horne@example.com,31
884,Dickson,Morrison,dickson.morrison@example.com,16
885,Mitchell,Brewer,mitchell.brewer@example.com,33
886,Leticia,Velazquez,leticia.velazquez@example.com,52
887,Meyers,Yang,meyers.yang@example.com,42
888,Corina,Todd,corina.todd@example.com,32
889,Frederick,Mclean,frederick.mclean@example.com,24
890,Corinne,Russell,corinne.russell@example.com,38
891,Keisha,Jarvis,keisha.jarvis@example.com,35
892,Gallegos,Browning,gallegos.browning@example.com,17
893,Hicks,Wright,hicks.wright@example.com,54
894,Emerson,Hoover,emerson.hoover@example.com,22
895,Fitzpatrick,Campbell,fitzpatrick.campbell@example.com,44
896,Black,Powell,black.powell@example.com,23
897,Dana,Tyson,dana.tyson@example.com,49
898,Sheryl,Jackson,sheryl.jackson@example.com,26
899,Bender,Blackburn,bender.blackburn@example.com,53
900,Vivian,Valenzuela,vivian.valenzuela@example.com,47
901,Sweet,Curtis,sweet.curtis@example.com,33
902,Rosario,Mcbride,rosario.mcbride@example.com,25
903,Hall,Romero,hall.romero@example.com,27
904,Diana,Coffey,diana.coffey@example.com,19
905,Joy,Thornton,joy.thornton@example.com,52
906,Ball,Powers,ball.powers@example.com,33
907,Concepcion,Perez,concepcion.perez@example.com,34
908,Sharron,Garrett,sharron.garrett@example.com,47
909,Margret,Knight,margret.knight@example.com,34
910,Gordon,Barlow,gordon.barlow@example.com,27
911,Velez,Stone,velez.stone@example.com,36
912,Cannon,Sloan,cannon.sloan@example.com,31
913,Adams,Anderson,adams.anderson@example.com,53
914,Laurel,Finley,laurel.finley@example.com,51
915,Jane,Chambers,jane.chambers@example.com,17
916,Waters,Lynn,waters.lynn@example.com,34
917,Jennifer,Farrell,jennifer.farrell@example.com,41
918,Ochoa,Sherman,ochoa.sherman@example.com,20
919,Mcfarland,Daniels,mcfarland.daniels@example.com,40
920,Schwartz,Benton,schwartz.benton@example.com,23
921,Watts,Hines,watts.hines@example.com,52
922,Branch,Higgins,branch.higgins@example.com,25
923,Vance,Osborn,vance.osborn@example.com,43
924,Martinez,Stafford,martinez.stafford@example.com,42
925,Helene,Weeks,helene.weeks@example.com,47
926,Beatriz,Kennedy,beatriz.kennedy@example.com,27
927,Savage,Stein,savage.stein@example.com,41
928,Tracy,Nicholson,tracy.nicholson@example.com,40
929,Cora,Michael,cora.michael@example.com,31
930,Marlene,Lucas,marlene.lucas@example.com,47
931,Lorraine,Stuart,lorraine.stuart@example.com,20
932,Morrow,Albert,morrow.albert@example.com,51
933,Shari,Holden,shari.holden@example.com,43
934,Blanca,Weiss,blanca.weiss@example.com,44
935,Simmons,Charles,simmons.charles@example.com,42
936,Vilma,Salazar,vilma.salazar@example.com,48
937,Solis,Adkins,solis.adkins@example.com,31
938,Gardner,Joyner,gardner.joyner@example.com,17
939,Leigh,Hogan,leigh.hogan@example.com,40
940,Latonya,Crosby,latonya.crosby@example.com,19
941,Jacobs,Nguyen,jacobs.nguyen@example.com,38
942,Roberts,Dawson,roberts.dawson@example.com,20
943,Marisol,Flowers,marisol.flowers@example.com,19
944,Effie,Noble,effie.noble@example.com,26
945,Cortez,Mckee,cortez.mckee@example.com,18
946,Paulette,Cohen,paulette.cohen@example.com,43
947,Smith,Hobbs,smith.hobbs@example.com,28
948,Elba,Fisher,elba.fisher@example.com,50
949,Deana,Wyatt,deana.wyatt@example.com,18
950,Leach,Joyce,leach.joyce@example.com,29
951,Tia,Andrews,tia.andrews@example.com,21
952,Debora,Jacobs,debora.jacobs@example.com,40
953,Burns,Dodson,burns.dodson@example.com,52
954,Fuentes,Lewis,fuentes.lewis@example.com,37
955,Bullock,Wolf,bullock.wolf@example.com,39
956,Shaw,Tate,shaw.tate@example.com,39
957,Adrienne,Cannon,adrienne.cannon@example.com,31
958,Shannon,Hopper,shannon.hopper@example.com,38
959,Allison,Lindsey,allison.lindsey@example.com,45
960,Roslyn,Bryan,roslyn.bryan@example.com,38
961,Curry,Rodriguez,curry.rodriguez@example.com,31
962,Huffman,Le,huffman.le@example.com,20
963,Douglas,Gonzalez,douglas.gonzalez@example.com,46
964,Jackie,Meadows,jackie.meadows@example.com,29
965,Armstrong,Vargas,armstrong.vargas@example.com,32
966,Cruz,Clay,cruz.clay@example.com,27
967,Moses,Hamilton,moses.hamilton@example.com,36
968,Alta,Short,alta.short@example.com,51
969,Shana,Rich,shana.rich@example.com,35
970,Herminia,Morse,herminia.morse@example.com,49
971,Bowers,Frederick,bowers.frederick@example.com,40
972,Daisy,Cardenas,daisy.cardenas@example.com,21
973,Hurst,Melton,hurst.melton@example.com,55
974,Francis,Chaney,francis.chaney@example.com,25
975,Sanders,Fernandez,sanders.fernandez@example.com,27
976,Mallory,King,mallory.king@example.com,17
977,Carney,Gaines,carney.gaines@example.com,33
978,Farley,Jennings,farley.jennings@example.com,28
979,Casey,Chang,casey.chang@example.com,19
980,Angeline,Clark,angeline.clark@example.com,31
981,Lopez,Warren,lopez.warren@example.com,46
982,Matilda,Talley,matilda.talley@example.com,53
983,Britney,Woodard,britney.woodard@example.com,54
984,Kellie,Logan,kellie.logan@example.com,27
985,Anastasia,Sears,anastasia.sears@example.com,48
986,Mooney,Austin,mooney.austin@example.com,37
987,Janet,Lang,janet.lang@example.com,16
988,Coffey,Spence,coffey.spence@example.com,16
989,Yvette,Miller,yvette.miller@example.com,16
990,Fern,Ortiz,fern.ortiz@example.com,49
991,Ewing,Hopkins,ewing.hopkins@example.com,55
992,Kristina,Wagner,kristina.wagner@example.com,17
993,Rivers,Knapp,rivers.knapp@example.com,26
994,Wise,Coleman,wise.coleman@example.com,19
995,Sherman,Waller,sherman.waller@example.com,43
996,Burke,Gould,burke.gould@example.com,50
997,Tyson,Nieves,tyson.nieves@example.com,48
998,Alford,Matthews,alford.matthews@example.com,20
999,Carver,Hinton,carver.hinton@example.com,53
1000,Veronica,Woods,veronica.woods@example.com,17
