id,genre_ids,title,release_date,overview,original_language
1,"[12, 35]",101 Dalmatians II: Patch's London Adventure,2002-11-06,"Being one of 101 takes its toll on Patch, who doesn't feel unique. When he's accidentally left behind on moving day, he meets his idol, Thunderbolt, who enlists him on a publicity campaign.",en
2,"[12, 35]",A Bug's Life,1998-11-25,"On behalf of ""oppressed bugs everywhere,"" an inventive ant named Flik hires a troupe of warrior bugs to defend his bustling colony from a horde of freeloading grasshoppers led by the evil-minded Hopper.",en
3,[14],A Christmas Carol,2009-11-04,"Miser Ebenezer Scrooge is awakened on Christmas Eve by spirits who reveal to him his own miserable existence, what opportunities he wasted in his youth, his current cruelties, and the dire fate that awaits him if he does not change his ways. Scrooge is faced with his own story of growing bitterness and meanness, and must decide what his own future will hold: death or redemption.",en
4,"[10749, 35, 12]",A Goofy Movie,1995-04-07,"An endearing modern-day story about how the lovable Goof bonds with his teenage son Max on a hilarious cross-country road trip. En route to the ol' fishing hole, they find themselves up to their floppy ears in misadventure!",en
5,"[12, 14, 10749]",Aladdin,1992-11-25,"Princess Jasmine grows tired of being forced to remain in the palace, so she sneaks out into the marketplace, in disguise, where she meets street urchin Aladdin. The couple falls in love, although Jasmine may only marry a prince. After being thrown in jail, Aladdin becomes embroiled in a plot to find a mysterious lamp, with which the evil Jafar hopes to rule the land.",en
6,[12],Aladdin and the King of Thieves,1996-05-20,"Legendary secrets are revealed as Aladdin and his friends—Jasmine, Abu, Carpet and, of course, the always entertaining Genie—face all sorts of terrifying threats and make some exciting last-minute escapes pursuing the King Of Thieves and his villainous crew.",en
7,"[14, 12]",Alice in Wonderland,1951-07-28,"On a golden afternoon, young Alice follows a White Rabbit, who disappears down a nearby rabbit hole. Quickly following him, she tumbles into the burrow - and enters the merry, topsy-turvy world of Wonderland! Memorable songs and whimsical escapades highlight Alice's journey, which culminates in a madcap encounter with the Queen of Hearts - and her army of playing cards!",en
8,[35],An Extremely Goofy Movie,2000-02-29,"It's all extreme sports and a life of freedom as Max sets off for college -- but Goofy misses Max so much he loses his job and goes to finish college alongside Max and his friends. But as Goofy tries to get closer to Max, both must go to the extreme to learn how to live their own lives together.",en
9,[28],Arjun: The Warrior Prince,2012-05-24,"Legend knows him as an archer of unwavering focus, the soldier who fought a battle in his own heart before taking up arms against his enemy. This is the untold story of Arjun, hero of the Mahabharata. A precocious talent plunged from boyhood and innocence into a murky world of deceit and betrayal, coming of age to become the most powerful warrior of his time. From the dusty plains of Hastinapur to the icy peaks of the Himalayas, Arjun: The Warrior Prince is the story of a man discovering what it takes to be a hero.",hi
10,"[14, 878, 28]",Atlantis: Milo's Return,2003-02-25,Milo and Kida reunite with their friends to investigate strange occurances around the world that seem to have links to the secrets of Atlantis.,en
11,"[12, 878]",Atlantis: The Lost Empire,2001-06-02,"The world's most highly qualified crew of archaeologists and explorers is led by historian Milo Thatch as they board the incredible 1,000-foot submarine Ulysses and head deep into the mysteries of the sea. The underwater expedition takes an unexpected turn when the team's mission must switch from exploring Atlantis to protecting it.",en
12,[18],Bambi,1942-08-14,"Bambi's tale unfolds from season to season as the young prince of the forest learns about life, love, and friends.",en
13,[18],Bambi II,2006-01-26,"Return to the forest and join Bambi as he reunites with his father, The Great Prince, who must now raise the young fawn on his own. But in the adventure of a lifetime, the proud parent discovers there is much he can learn from his spirited young son.",en
14,"[10749, 14]",Beauty and the Beast,1991-10-22,"Follow the adventures of Belle, a bright young woman who finds herself in the castle of a prince who's been turned into a mysterious beast. With the help of the castle's enchanted staff, Belle soon learns the most important lesson of all -- that true beauty comes from within.",en
15,[14],Beauty and the Beast: The Enchanted Christmas,1997-11-11,"Astonished to find the Beast has a deep-seeded hatred for the Christmas season, Belle endeavors to change his mind on the matter.",en
16,[],Belle's Magical World,1998-02-16,"Belle, the Beast, Lumiere, Cogsworth and the rest of those zany castle residents use their imaginations to embark on three magical, storybook adventures. This direct-to-video anthology serves as a ""sequel"" to Disney's animated hit film. In ""The Perfect World,"" Belle and the Beast learn about forgiveness. In ""Fifi's Folly,"" Lumiere's girlfriend is jealous of his bond with Belle. And in ""Broken Wing,"" the Beast learns to be kind to an injured bird.",en
17,[],Belle's Tales of Friendship,1999-08-17,"Two different stories: in the first one a group of children walk into the store eager to hear Belle's stories, as she is noted to be a great storyteller, in the second one Belle throws a party to cheer Mrs. Potts up.",en
18,"[12, 28, 35]",Big Hero 6,2014-10-24,"A special bond develops between plus-sized inflatable robot Baymax, and prodigy Hiro Hamada, who team up with a group of friends to form a band of high-tech heroes.",en
19,"[12, 35]",Bolt,2008-11-21,"Bolt is the star of the biggest show in Hollywood. The only problem is, he thinks it's real. After he's accidentally shipped to New York City and separated from Penny, his beloved co-star and owner, Bolt must harness all his ""super powers"" to find a way home.",en
20,"[12, 35, 28, 14]",Brave,2012-06-21,"Brave is set in the mystical Scottish Highlands, where Mérida is the princess of a kingdom ruled by King Fergus and Queen Elinor. An unruly daughter and an accomplished archer, Mérida one day defies a sacred custom of the land and inadvertently brings turmoil to the kingdom. In an attempt to set things right, Mérida seeks out an eccentric old Wise Woman and is granted an ill-fated wish. Also figuring into Mérida’s quest — and serving as comic relief — are the kingdom’s three lords: the enormous Lord MacGuffin, the surly Lord Macintosh, and the disagreeable Lord Dingwall.",en
21,[12],Brother Bear,2003-10-23,"When an impulsive boy named Kenai is magically transformed into a bear, he must literally walk in another's footsteps until he learns some valuable life lessons. His courageous and often zany journey introduces him to a forest full of wildlife, including the lovable bear cub Koda, hilarious moose Rutt and Tuke, woolly mammoths and rambunctious rams.",en
22,[12],Brother Bear 2,2006-08-17,"Kenai finds his childhood human friend Nita and the two embark on a journey to burn the amulet he gave to her before he was a bear, much to Koda's dismay.",en
23,"[35, 878, 12]",Buzz Lightyear of Star Command: The Adventure Begins,2000-08-08,Buzz Lightyear must battle Emperor Zurg with the help of three hopefuls who insist on being his partners.,en
24,"[12, 35]",Cars,2006-06-08,"Lightning McQueen, a hotshot rookie race car driven to succeed, discovers that life is about the journey, not the finish line, when he finds himself unexpectedly detoured in the sleepy Route 66 town of Radiator Springs. On route across the country to the big Piston Cup Championship in California to compete against two seasoned pros, McQueen gets to know the town's offbeat characters.",en
25,"[12, 35]",Cars 2,2011-06-11,Star race car Lightning McQueen and his pal Mater head overseas to compete in the World Grand Prix race. But the road to the championship becomes rocky as Mater gets caught up in an intriguing adventure of his own: international espionage.,en
26,"[12, 35]",Cars 3,2017-06-15,"Blindsided by a new generation of blazing-fast racers, the legendary Lightning McQueen is suddenly pushed out of the sport he loves. To get back in the game, he will need the help of an eager young race technician with her own plan to win, inspiration from the late Fabulous Hudson Hornet, and a few unexpected turns. Proving that #95 isn't through yet will test the heart of a champion on Piston Cup Racing’s biggest stage!",en
27,[35],Chicken Little,2005-11-04,"When the sky really is falling and sanity has flown the coop, who will rise to save the day? Together with his hysterical band of misfit friends, Chicken Little must hatch a plan to save the planet from alien invasion and prove that the world's biggest hero is a little chicken.",en
28,"[12, 35, 14]",Christopher Robin,2018-08-02,"Christopher Robin, the boy who had countless adventures in the Hundred Acre Wood, has grown up and lost his way. Now it’s up to his spirited and loveable stuffed animals, Winnie The Pooh, Tigger, Piglet, and the rest of the gang, to rekindle their friendship and remind him of endless days of childlike wonder and make-believe, when doing nothing was the very best something.",en
29,"[14, 10749]",Cinderella,1950-02-22,"Cinderella has faith her dreams of a better life will come true. With help from her loyal mice friends and a wave of her Fairy Godmother's wand, Cinderella's rags are magically turned into a glorious gown and off she goes to the Royal Ball. But when the clock strikes midnight, the spell is broken, leaving a single glass slipper... the only key to the ultimate fairy-tale ending!",en
30,"[10749, 14]",Cinderella II: Dreams Come True,2002-02-23,"As a newly crowned princess, Cinderella quickly learns that life at the Palace - and her royal responsibilities - are more challenging than she had imagined. In three heartwarming tales, Cinderella calls on her animal friends and her Fairy Godmother to help as she brings her own grace and charm to her regal role and discovers that being true to yourself is the best way to make your dreams come true.",en
31,"[10749, 14]",Cinderella III: A Twist in Time,2007-02-06,"When Lady Tremaine steals the Fairy Godmother's wand and changes history, it's up to Cinderella to restore the timeline and reclaim her prince.",en
32,"[14, 10402, 35, 12]",Coco,2017-10-27,"Despite his family’s baffling generations-old ban on music, Miguel dreams of becoming an accomplished musician like his idol, Ernesto de la Cruz. Desperate to prove his talent, Miguel finds himself in the stunning and colorful Land of the Dead following a mysterious chain of events. Along the way, he meets charming trickster Hector, and together, they set off on an extraordinary journey to unlock the real story behind Miguel's family history.",en
33,[],Dinosaur,2000-05-19,An orphaned dinosaur raised by lemurs joins an arduous trek to a sancturary after a meteorite shower destroys his family home.,en
34,[14],Disney Princess Enchanted Tales: Follow Your Dreams,2007-09-03,Princess Aurora and Princess Jasmine learn valuable life lessons in two short stories.,en
35,[35],Doug's 1st Movie,1999-03-26,Doug and his pal Skeeter set's out to find the monster of Lucky Duck Lake. Though things get really out of hand when some one blurts out that the monster is real.,en
36,"[12, 35, 14]",DuckTales: The Movie - Treasure of the Lost Lamp,1990-08-03,"With his nephews and niece, everyone's favorite rich uncle, Scrooge McDuck, treks from his mansion home in Duckburg in search of the long-lost loot of the thief Collie Baba. But finding the goods isn't quite what it's ""quacked"" up to be! Their thrilling adventure leads to comical chaos, magical mayhem, and a lesson about what is far more valuable than money, gold and jewels.",en
37,[],Dumbo,1941-10-31,"Dumbo is a baby elephant born with over-sized ears and a supreme lack of confidence. But thanks to his even more diminutive buddy Timothy the Mouse,  the pint-sized pachyderm learns to surmount all obstacles.",en
38,"[35, 14, 10749]",Elemental,2023-06-14,"In a city where fire, water, land and air residents live together, a fiery young woman and a go-with-the-flow guy will discover something elemental: how much they have in common.",en
39,"[35, 14]",Encanto,2021-10-13,"The tale of an extraordinary family, the Madrigals, who live hidden in the mountains of Colombia, in a magical house, in a vibrant town, in a wondrous, charmed place called an Encanto. The magic of the Encanto has blessed every child in the family—every child except one, Mirabel. But when she discovers that the magic surrounding the Encanto is in danger, Mirabel decides that she, the only ordinary Madrigal, might just be her exceptional family's last hope.",en
40,[],Fantasia,1940-11-13,"Walt Disney's timeless masterpiece is an extravaganza of sight and sound! See the music come to life, hear the pictures burst into song and experience the excitement that is Fantasia over and over again.",en
41,[10402],Fantasia 2000,1999-12-31,"Blending lively music and brilliant animation, this sequel to the original 'Fantasia' restores 'The Sorcerer's Apprentice' and adds seven new shorts.",en
42,"[12, 35]",Finding Dory,2016-06-16,Dory is reunited with her friends Nemo and Marlin in the search for answers about her past. What can she remember? Who are her parents? And where did she learn to speak Whale?,en
43,[],Finding Nemo,2003-05-30,"Nemo, an adventurous young clownfish, is unexpectedly taken from his Great Barrier Reef home to a dentist's office aquarium. It's up to his worrisome father Marlin and a friendly but forgetful fish Dory to bring Nemo home -- meeting vegetarian sharks, surfer dude turtles, hypnotic jellyfish, hungry seagulls, and more along the way.",en
44,[35],Frankenweenie,2012-10-04,"When a car hits young Victor's pet dog Sparky, Victor decides to bring him back to life the only way he knows how. But when the bolt-necked ""monster"" wreaks havoc and terror in the hearts of Victor's neighbors, he has to convince them that Sparky's still the good, loyal friend he was.",en
45,"[12, 14]",Frozen,2013-11-20,"Young princess Anna of Arendelle dreams about finding true love at her sister Elsa’s coronation. Fate takes her on a dangerous journey in an attempt to end the eternal winter that has fallen over the kingdom. She's accompanied by ice delivery man Kristoff, his reindeer Sven, and snowman Olaf. On an adventure where she will find out what friendship, courage, family, and true love really means.",en
46,"[12, 35, 14]",Frozen II,2019-11-20,"Elsa, Anna, Kristoff and Olaf head far into the forest to learn the truth about an ancient mystery of their kingdom.",en
47,[10402],Fun and Fancy Free,1947-09-27,"Jiminy Cricket hosts two Disney animated shorts: Bongo about a circus bear escaping to the wild, and Mickey and the Beanstalk, a take on the famous fairy tale.",en
48,"[14, 28, 12, 35]",G-Force,2009-07-24,"A team of trained secret agent animals, guinea pigs Darwin, Hurley, Juarez, Blaster, mole Speckles, and fly Mooch takes on a mission for the US government to stop evil Leonard Saber, who plans to destroy the world with household appliances. But the government shuts them down and they are sentenced to a pet shop. Can they escape to defeat the villain and save the world?",en
49,[],Gnomeo & Juliet,2011-01-13,"A version of Shakespeare's play, set in the world of warring indoor and outdoor gnomes. Garden gnomes Gnomeo and Juliet have as many obstacles to overcome as their quasi namesakes when they are caught up in a feud between neighbors. But with plastic pink flamingos and lawnmower races in the mix, can this young couple find lasting happiness?",en
50,"[14, 12, 35, 10749]",Hercules,1997-06-20,"Bestowed with superhuman strength, a young mortal named Hercules sets out to prove himself a hero in the eyes of his father, the great god Zeus. Along with his friends Pegasus, a flying horse, and Phil, a personal trainer, Hercules is tricked by the hilarious, hotheaded villain Hades, who's plotting to take over Mount Olympus!",en
51,"[28, 12]",Hercules: Zero to Hero,1999-08-17,"The film briefly gives Hercules' history after defeating Hades for good, in which he marries Meg and revisits his teenage years. In particular, it shows an adolescent Hercules's enrollment and the beginning of his adventures at the Prometheus Academy, a school for gods and mortals, which Hercules supposedly attended during the time when he was training to be a hero with his mentor, the satyr Philoctetes.",en
52,[],Home on the Range,2004-04-02,"When a greedy outlaw schemes to take possession of the ""Patch Of Heaven"" dairy farm, three determined cows, a karate-kicking stallion and a colorful corral of critters join forces to save their home. The stakes are sky-high as this unlikely animal alliance risk their hides and match wits with a mysterious band of bad guys.",en
53,"[14, 12]",Howl's Moving Castle,2004-09-09,"Sophie, a young milliner, is turned into an elderly woman by a witch who enters her shop and curses her. She encounters a wizard named Howl and gets caught up in his resistance to fighting for the king.",ja
54,"[28, 12]",Incredibles 2,2018-06-14,"Elastigirl springs into action to save the day, while Mr. Incredible faces his greatest challenge yet – taking care of the problems of his three children.",en
55,"[12, 18, 35]",Inside Out,2015-06-09,"Growing up can be a bumpy road, and it's no exception for Riley, who is uprooted from her Midwest life when her father starts a new job in San Francisco. Riley's guiding emotions— Joy, Fear, Anger, Disgust and Sadness—live in Headquarters, the control centre inside Riley's mind, where they help advise her through everyday life and tries to keep things positive, but the emotions conflict on how best to navigate a new city, house and school.",en
56,"[12, 14]",James and the Giant Peach,1996-04-12,"When the young orphan boy James spills a magic bag of crocodile tongues, he finds himself in possession of a giant peach that flies him away to strange lands.",en
57,"[10770, 28, 12]",Kim Possible: A Sitch In Time,2003-11-28,"Kim and Ron start out a new school year, only to find out that Ron's family is moving to Norway. This puts a strain on their partnership, just as Dr. Drakken, Monkey Fist, and Duff Killigan team up to find and use an ancient time travel device to rule the world. Attacking Kim in the past, present, and future, can these villians succeed? Or will an unforeseen force be more destructive?",en
58,"[12, 28, 35, 878]",Kim Possible: So the Drama,2005-04-08,"Dr. Drakken has an evil new plot for world domination, but his ultimate success depends upon finding out KP's weakness which may involve a new hottie at Middleton High School named Eric, who suddenly sparks feelings in Ron about Kim that resemble much more than friendship. To make matters worse, Bueno Nacho, Ron's favorite fast food chain has turned sour on him by bombarding him with little Devils",en
59,[35],Kronk's New Groove,2005-12-05,"Kronk, now chef and Head Delivery Boy of Mudka's Meat Hut, is fretting over the upcoming visit of his father. Kronk's father always disapproved of young Kronk's culinary interests and wished that Kronk instead would settle down with a wife and a large house on a hill.",en
60,[10749],Lady and the Tramp,1955-06-22,"Lady, a golden cocker spaniel, meets up with a mongrel dog who calls himself the Tramp. He is obviously from the wrong side of town, but happenings at Lady's home make her decide to travel with him for a while.",en
61,"[10749, 12]",Lady and the Tramp II: Scamp's Adventure,2001-02-18,"Lady and Tramp's mischievous pup, Scamp, gets fed up with rules and restrictions imposed on him by life in a family, and longs for a wild and free lifestyle. He runs away from home and into the streets where he joins a pack of stray dogs known as the ""Junkyard Dogs."" Buster, the pack's leader, takes an instant disliking to the ""house-dog"" and considers him a rival. Angel, a junkyard pup Scamp's age, longs for the safety and comfort of life in a family and the two become instant companions. Will Scamp choose the wild and free life of a stray or the unconditional love of his family?",en
62,[35],Leroy & Stitch,2006-06-23,"Lilo, Stitch, Jumba, and Pleakley have finally caught all of Jumba's genetic experiments and found the one true place where each of them belongs. Stitch, Jumba and Pleakley are offered positions in the Galactic Alliance, turning them down so they can stay on Earth with Lilo, but Lilo realizes her alien friends have places where they belong – and it's finally time to say ""aloha"".",en
63,"[28, 12, 878]",Lightyear,2022-06-15,Legendary Space Ranger Buzz Lightyear embarks on an intergalactic adventure alongside a group of ambitious recruits and his robot companion Sox.,en
64,[],Lilo & Stitch,2002-06-21,"As Stitch, a runaway genetic experiment from a faraway planet, wreaks havoc on the Hawaiian Islands, he becomes the mischievous adopted alien ""puppy"" of an independent little girl named Lilo and learns about loyalty, friendship, and ʻohana, the Hawaiian tradition of family.",en
65,"[35, 878]",Lilo & Stitch 2: Stitch Has a Glitch,2005-01-22,"Now, we find the rowdy extraterrestrial getting used to life with his new ʻohana. However, a malfunction in the ultimate creation of Dr. Jumba soon emerges, which reinstates his destructive programming and threatens to both ruin his friendship with Lilo and to short him out for good!",en
66,"[35, 14, 12]",Luca,2021-06-17,Luca and his best friend Alberto experience an unforgettable summer on the Italian Riviera. But all the fun is threatened by a deeply-held secret: they are sea monsters from another world just below the water’s surface.,en
67,[12],Mars Needs Moms,2011-03-09,"When Martians suddenly abduct his mom, mischievous Milo rushes to the rescue and discovers why all moms are so special.",en
68,[35],Meet the Robinsons,2007-03-23,"Lewis, a brilliant young inventor, is keen on creating a time machine to find his mother, who abandoned him in an orphanage. Things take a turn when he meets Wilbur Robinson and his family.",en
69,"[10402, 35]",Melody Time,1948-05-27,"In the grand tradition of Disney's great musical classics, Melody Time features seven timeless stories, each enhanced with high-spirited music and unforgettable characters. You'll be sure to tap your toes and clap your hands in this witty feast for the eyes and ears.",en
70,[35],Mickey's House of Villains,2002-09-03,"The villains from the popular animated Disney films are gathered at the House of Mouse with plans to take over. Soon, the villains take over the house and kick out Mickey, Donald and Goofy. It's all up to Mickey and his friends to overthrow evil and return the House of Mouse to normal--or as close to normal as it gets.",en
71,[35],Mickey's House of Villains,2002-09-03,"The villains from the popular animated Disney films are gathered at the House of Mouse with plans to take over. Soon, the villains take over the house and kick out Mickey, Donald and Goofy. It's all up to Mickey and his friends to overthrow evil and return the House of Mouse to normal--or as close to normal as it gets.",en
72,[35],Mickey's Magical Christmas: Snowed in at the House of Mouse,2001-11-06,"When a huge snowstorm leaves everyone stranded, Mickey and all of his guests at the House of Mouse, including Pooh, Belle, Snow White, Cinderella, Ariel and many more of his old and new friends, break out the cookies and hot chocolate to help Donald mend his tattered Christmas spirit.",en
73,[35],Mickey's Once Upon a Christmas,1999-10-31,"Mickey, Minnie, and their famous friends Goofy, Donald, Daisy and Pluto gather together to reminisce about the love, magic and surprises in three wonder-filled stories of Christmas past.",en
74,[],Mickey's Twice Upon a Christmas,2004-11-15,"Santa Claus, Mickey Mouse and all his Disney pals star in an original movie about the importance of opening your heart to the true spirit of Christmas. Stubborn old Donald tries in vain to resist the joys of the season, and Mickey and Pluto learn a great lesson about the power of friendship.",en
75,"[12, 35]","Mickey, Donald, Goofy: The Three Musketeers",2004-08-04,"In Disney's take on the Alexander Dumas tale, Mickey Mouse, Donald Duck and Goofy want nothing more than to perform brave deeds on behalf of their queen (Minnie Mouse), but they're stymied by the head Musketeer, Pete. Pete secretly wants to get rid of the queen, so he appoints Mickey and his bumbling friends as guardians to Minnie, thinking such a maneuver will ensure his scheme's success. The score features songs based on familiar classical melodies.",en
76,"[12, 35]","Mickey, Donald, Goofy: The Three Musketeers",2004-08-04,"In Disney's take on the Alexander Dumas tale, Mickey Mouse, Donald Duck and Goofy want nothing more than to perform brave deeds on behalf of their queen (Minnie Mouse), but they're stymied by the head Musketeer, Pete. Pete secretly wants to get rid of the queen, so he appoints Mickey and his bumbling friends as guardians to Minnie, thinking such a maneuver will ensure his scheme's success. The score features songs based on familiar classical melodies.",en
77,"[12, 35]",Moana,2016-10-13,"In Ancient Polynesia, when a terrible curse incurred by Maui reaches an impetuous Chieftain's daughter's island, she answers the Ocean's call to seek out the demigod to set things right.",en
78,[],Monsters University,2013-06-19,A look at the relationship between Mike and Sulley during their days at Monsters University — when they weren't necessarily the best of friends.,en
79,[35],"Monsters, Inc.",2001-11-01,"Lovable Sulley and his wisecracking sidekick Mike Wazowski are the top scare team at Monsters, Inc., the scream-processing factory in Monstropolis. When a little girl named Boo wanders into their world, it's the monsters who are scared silly, and it's up to Sulley and Mike to keep her out of sight and get her back home.",en
80,[35],"Monsters, Inc.",2001-11-01,"Lovable Sulley and his wisecracking sidekick Mike Wazowski are the top scare team at Monsters, Inc., the scream-processing factory in Monstropolis. When a little girl named Boo wanders into their world, it's the monsters who are scared silly, and it's up to Sulley and Mike to keep her out of sight and get her back home.",en
81,[12],Mulan,1998-06-18,"To save her father from certain death in the army, a young woman secretly enlists in his place and becomes one of China's greatest heroines in the process.",en
82,"[35, 28]",Mulan II,2004-11-03,"Fa Mulan gets the surprise of her young life when her love, Captain Li Shang asks for her hand in marriage. Before the two can have their happily ever after, the Emperor assigns them a secret mission, to escort three princesses to Chang'an, China. Mushu is determined to drive a wedge between the couple after he learns that he will lose his guardian job if Mulan marries into the Li family.",en
83,[35],Oliver & Company,1988-11-18,"This animated take on Oliver Twist re-imagines Oliver as an adorable orphaned kitten who struggles to survive in New York City and falls in with a band of canine criminals led by an evil human. First, Oliver meets Dodger, a carefree mutt with street savoir faire. But when Oliver meets wealthy Jenny on one of the gang's thieving missions, his life changes forever.",en
84,"[12, 35]",One Hundred and One Dalmatians,1961-01-25,"When a litter of dalmatian puppies are abducted by the minions of Cruella De Vil, the parents must find them before she uses them for a diabolical fashion statement. In a Disney animation classic, Dalmatian Pongo is tired of his bachelor-dog life. He spies lovely Perdita and maneuvers his master, Roger, into meeting Perdita's owner, Anita. The owners fall in love and marry, keeping Pongo and Perdita together too. After Perdita gives birth to a litter of 15 puppies, Anita's old school friend Cruella De Vil wants to buy them all. Roger declines her offer, so Cruella hires the criminal Badun brothers to steal them -- so she can have a fur coat.",en
85,"[12, 35, 14]",Onward,2020-02-29,"In a suburban fantasy world, two teenage elf brothers embark on an extraordinary quest to discover if there is still a little magic left out there.",en
86,"[12, 14]",Peter Pan,1953-02-05,"Leaving the safety of their nursery behind, Wendy, Michael and John follow Peter Pan to a magical world where childhood lasts forever. But while in Neverland, the kids must face Captain Hook and foil his attempts to get rid of Peter for good.",en
87,[],Piglet's Big Movie,2003-03-16,"When the gang from the Hundred Acre Wood begin a honey harvest, young Piglet is excluded and told that he is too small to help. Feeling inferior, Piglet disappears and his pals Eeyore, Rabbit, Tigger, Roo and Winnie the Pooh must use Piglet's scrapbook as a map to find him. In the process they discover that this very small animal has been a big hero in a lot of ways.",en
88,[],Pinocchio,1940-02-23,"When loving Geppetto creates a wooden puppet, his wish is granted when it comes to life as a little wooden boy named Pinocchio. With his faithful friend and conscience Jiminy Cricket by his side, Pinocchio, embarks on fantastic adventures that his bravery, loyalty and honesty until triumphs in his triumphs in his quest for his heart's desire: to become a real boy.",en
89,"[12, 35]",Planes,2013-08-09,"Dusty is a cropdusting plane who dreams of competing in a famous aerial race. The problem? He is hopelessly afraid of heights. With the support of his mentor Skipper and a host of new friends, Dusty sets off to make his dreams come true.",en
90,"[35, 12]",Planes: Fire & Rescue,2014-07-17,"When world-famous air racer Dusty learns that his engine is damaged and he may never race again, he must shift gears and is launched into the world of aerial firefighting. Dusty joins forces with veteran fire and rescue helicopter Blade Ranger and his team, a bunch of all-terrain vehicles known as The Smokejumpers. Together, the fearless team battles a massive wildfire, and Dusty learns what it takes to become a true hero.",en
91,"[12, 10749]",Pocahontas,1995-06-14,"Pocahontas, daughter of a Native American tribe chief, falls in love with an English soldier as colonists invade 17th century Virginia.",en
92,"[12, 10749]",Pocahontas II: Journey to a New World,1998-08-04,"When news of John Smith's death reaches America, Pocahontas is devastated. She sets off to London with John Rolfe, to meet with the King of England on a diplomatic mission: to create peace and respect between the two great lands. However, Governor Ratcliffe is still around; he wants to return to Jamestown and take over. He will stop at nothing to discredit the young princess.",en
93,[12],Pooh's Grand Adventure: The Search for Christopher Robin,1997-08-05,"Pooh gets confused when Christopher Robin leaves him a note to say that he has gone back to school after the holidays. So Pooh, Piglet, Tigger, Eeyore and Rabbit go in search of Christopher Robin which leads to a big adventure.",en
94,[],Pooh's Heffalump Halloween Movie,2005-09-13,"It's Halloween in the 100 Acre Wood, and Roo's best new friend, Lumpy, is looking forward to his first time trick-or-treating. That is, until Tigger warns them about the scary Gobloon, who'll turn them into jack-o'-lanterns if he catches them. But if Roo and Lumpy turn the tables on the Gobloon, they get to make a wish! Lumpy and Roo decide to be ""brave together, brave forever"" and catch the Gobloon so they can make their wishes come true.",en
95,"[35, 14]",Pooh's Heffalump Movie,2005-02-11,"Who or what exactly is a Heffalump? The lovable residents of the Hundred Acre Wood -- Winnie the Pooh, Rabbit, Tigger, Eeyore, Kanga and the rest of the pack -- embark on a journey of discovery in search of the elusive Heffalump. But as is always the case, this unusual road trip opens their eyes to so much more than just the creature they're seeking.",en
96,"[35, 12]",Ralph Breaks the Internet,2018-11-20,"Video game bad guy Ralph and fellow misfit Vanellope von Schweetz must risk it all by traveling to the World Wide Web in search of a replacement part to save Vanellope's video game, Sugar Rush. In way over their heads, Ralph and Vanellope rely on the citizens of the internet — the netizens — to help navigate their way, including an entrepreneur named Yesss, who is the head algorithm and the heart and soul of trend-making site BuzzzTube.",en
97,"[35, 14]",Ratatouille,2007-06-28,"Remy, a resident of Paris, appreciates good food and has quite a sophisticated palate. He would love to become a chef so he can create and enjoy culinary masterpieces to his heart's delight. The only problem is, Remy is a rat. When he winds up in the sewer beneath one of Paris' finest restaurants, the rodent gourmet finds himself ideally placed to realize his dream.",en
98,"[14, 28, 12]",Raya and the Last Dragon,2021-03-03,"Long ago, in the fantasy world of Kumandra, humans and dragons lived together in harmony. But when an evil force threatened the land, the dragons sacrificed themselves to save humanity. Now, 500 years later, that same evil has returned and it’s up to a lone warrior, Raya, to track down the legendary last dragon to restore the fractured land and its divided people.",en
99,[35],Recess Christmas: Miracle On Third Street,2001-11-06,"Principal Prickly gets his car stuck in a snowbank and decides it has to be the Recess gang's fault, but the teachers look back and remember all the good times they've had with T.J. and the rest of the gang.",en
100,[35],Recess: All Growed Down,2003-12-09,"T.J. and The Recess Gang are kidnapped by the Third Street School's kindergartners, who are in turn being bullied by a new kid in their class.",en
101,"[878, 35]",Recess: School's Out,2001-01-27,"The school year is finally ending, and T.J. Detweiler is looking forward to summer. But boredom quickly sets in when his friends leave for camp — until T.J. uncovers an evil plot to do away with summer vacation! A crazy former principal, Dr. Benedict, is planning to use a laser beam to alter the weather and create permanent winter. Faced with the dire threat of year-round school, T.J. rounds up the RECESS gang and bands together with some unexpected allies — Miss Finster and Principal Prickly — in a nonstop adventure to save everyone's summer break. As the kids discover the heroes inside themselves, a platoon of wacky characters, far-out music, and sci-fi surprises turn this madcap mission into a major victory for fun!",en
102,[35],Recess: Taking the Fifth Grade,2003-12-09,"Everyone's favorite fourth graders have graduated! It's an all-new school year for the kids — and the gang hits the fifth grade running! But they're stopped in their tracks when they discover some unwelcome changes — no pizza, no playground... no lockers! And to make things worse, their teacher turns out to be the cantankerous Miss Finster! It's all too much for T.J., who is determined to find a way to stand up for what the gang believes in and improve the school they love! The fifth grade brings out the best in everyone... even Miss Finster and Principal Prickly!",en
103,"[12, 14]",Return to Never Land,2002-02-14,"In 1940, the world is besieged by World War II. Wendy, all grown up, has two children; including Jane, who does not believe Wendy's stories about Peter Pan.",en
104,"[12, 35]",Roadside Romeo,2008-10-24,"This is the story of Romeo. A dude who was living the life. He had the works - the mansion to live in, the chicks to party with and the cars to be driven around in. Until one day, the family he was the favourite pet of, decided to move and left him back, abandoned on the mean streets of Mumbai. Romeo is now faced with situations he has never been in before. He encounters four strays, who scare the daylights out of him. But soon, he smooth talks his way into their hearts and he makes friends. Then, Romeo finds love! He encounters the beautiful, ravishing Laila, the most beautiful girl he has ever seen - and he loses his heart to her at first sight. Finally, he encounters a villain! The dreaded Don of the area - Charlie Anna. The Don who everyone is scared of. So hop on to the adventure as Romeo, wins friendship, love and a new life - in spite of Charlie Anna and his gang!",en
105,[],Robin Hood,1973-11-08,"With King Richard off to the Crusades, Prince John and his slithering minion, Sir Hiss, set about taxing Nottingham's citizens with support from the corrupt sheriff - and staunch opposition by the wily Robin Hood and his band of merry men.",en
106,"[878, 35]",Ron's Gone Wrong,2021-10-14,"In a world where walking, talking, digitally connected bots have become children's best friends, an 11-year-old finds that his robot buddy doesn't quite work the same as the others do.",en
107,"[12, 10402]",Saludos Amigos,1942-08-24,"A whimsical blend of live action and animation, ""Saludos Amigos"" is a colorful kaleidoscope of art, adventure and music set to a toe-tapping samba beat. From high Andes peaks and Argentina's pampas to the sights and sounds of Rio de Janeiro, your international traveling companions are none other than those famous funny friends, Donald Duck and Goofy. They keep things lively as Donald encounters a stubborn llama and ""El Gaucho"" Goofy tries on the cowboy way of life....South American-style.",en
108,"[35, 18, 36]",Saving Mr. Banks,2013-11-29,"Author P.L. Travers looks back on her childhood while reluctantly meeting with Walt Disney, who seeks to adapt her Mary Poppins books for the big screen.",en
109,"[14, 12]",Secret of the Wings,2012-08-17,Tinkerbell wanders into the forbidden Winter woods and meets Periwinkle. Together they learn the secret of their wings and try to unite the warm fairies and the winter fairies to help Pixie Hollow.,en
110,"[14, 10749]",Sleeping Beauty,1959-02-17,"A beautiful princess born in a faraway kingdom is destined by a terrible curse to prick her finger on the spindle of a spinning wheel and fall into a deep sleep that can only be awakened by true love's first kiss. Determined to protect her, her parents ask three fairies to raise her in hiding. But the evil Maleficent is just as determined to seal the princess's fate.",en
111,[14],Snow White and the Seven Dwarfs,1937-12-21,"A beautiful girl, Snow White, takes refuge in the forest in the house of seven dwarfs to hide from her stepmother, the wicked Queen. The Queen is jealous because she wants to be known as ""the fairest in the land,"" and Snow White's beauty surpasses her own.",en
112,"[35, 14, 18]",Soul,2020-12-25,"Joe Gardner is a middle school teacher with a love for jazz music. After a successful audition at the Half Note Club, he suddenly gets into an accident that separates his soul from his body and is transported to the You Seminar, a center in which souls develop and gain passions before being transported to a newborn child. Joe must enlist help from the other souls-in-training, like 22, a soul who has spent eons in the You Seminar, in order to get back to Earth.",en
113,"[28, 12, 35]",Spies in Disguise,2019-12-04,"Super spy Lance Sterling and scientist Walter Beckett are almost exact opposites. Lance is smooth, suave and debonair. Walter is… not. But what Walter lacks in social skills he makes up for in smarts and invention, creating the awesome gadgets Lance uses on his epic missions. But when events take an unexpected turn, Walter and Lance suddenly have to rely on each other in a whole new way.",en
114,[14],Spirited Away,2001-07-20,"A young girl, Chihiro, becomes trapped in a strange new world of spirits. When her parents undergo a mysterious transformation, she must call upon the courage she never knew she had to free her family.",ja
115,"[35, 12]",Stitch! The Movie,2003-08-26,"The continuing adventures of Lilo, a little Hawaiian girl, and Stitch, the galaxy's most-wanted extraterrestrial. Stitch, Pleakley, and Dr. Jumba are all part of the household now, but what Lilo and Stitch don't know is that Dr. Jumba brought his other alien ""experiments"" to Hawaiʻi as well.",en
116,"[10402, 14]",Strange Magic,2015-01-23,"A love potion works its devious charms on fairies, elves and the swamp-dwelling Bog King as they all try to possess the potion for themselves.",en
117,"[12, 878]",Strange World,2022-11-23,"A journey deep into an uncharted and treacherous land, where fantastical creatures await the legendary Clades—a family of explorers whose differences threaten to topple their latest, and by far most crucial, mission.",en
118,"[14, 12]",Tales from Earthsea,2006-07-29,"Something bizarre has come over the land. The kingdom is deteriorating. People are beginning to act strange... What's even more strange is that people are beginning to see dragons, which shouldn't enter the world of humans. Due to all these bizarre events, Ged, a wandering wizard, is investigating the cause. During his journey, he meets Prince Arren, a young distraught teenage boy. While Arren may look like a shy young teen, he has a severe dark side, which grants him strength, hatred, ruthlessness and has no mercy, especially when it comes to protecting Teru. For the witch Kumo this is a perfect opportunity. She can use the boy's ""fears"" against the very one who would help him, Ged.",ja
119,[],Tangled,2010-11-24,"When the kingdom's most wanted-and most charming-bandit Flynn Rider hides out in a mysterious tower, he's taken hostage by Rapunzel, a beautiful and feisty tower-bound teen with 70 feet of magical, golden hair. Flynn's curious captor, who's looking for her ticket out of the tower where she's been locked away for years, strikes a deal with the handsome thief and the unlikely duo sets off on an action-packed escapade, complete with a super-cop horse, an over-protective chameleon and a gruff gang of pub thugs.",en
120,"[12, 18]",Tarzan,1999-06-18,"Tarzan was a small orphan who was raised by an ape named Kala since he was a child. He believed that this was his family, but on an expedition Jane Porter is rescued by Tarzan. He then finds out that he's human. Now Tarzan must make the decision as to which family he should belong to...",en
121,[],Tarzan & Jane,2002-06-24,"With the first anniversary of her wedding to Tarzan beckoning, Jane ponders how to make it the perfect English celebration.",en
122,[12],Tarzan II,2005-06-13,"When one of his missteps puts his family in jeopardy, Tarzan decides they would be better off without him.",en
123,"[35, 10749]",Teacher's Pet,1958-04-01,A rugged city editor poses as a journalism student and flirts with the professor.,en
124,"[27, 14]",The Adventures of Ichabod and Mr. Toad,1949-10-05,"The Wind in the Willows: Concise version of Kenneth Grahame's story of the same name. J. Thaddeus Toad, owner of Toad Hall, is prone to fads, such as the newfangled motor car. This desire for the very latest lands him in much trouble with the wrong crowd, and it is up to his friends, Mole, Rat and Badger to save him from himself. - The Legend of Sleepy Hollow: Retelling of Washington Irving's story set in a tiny New England town. Ichabod Crane, the new schoolmaster, falls for the town beauty, Katrina Van Tassel, and the town Bully Brom Bones decides that he is a little too successful and needs ""convincing"" that Katrina is not for him.",en
125,"[35, 12]",The Aristocats,1970-12-24,"When Madame Adelaide Bonfamille leaves her fortune to Duchess and her children—Bonfamille’s beloved family of cats—the butler plots to steal the money and kidnaps the legatees, leaving them out on a country road. All seems lost until the wily Thomas O’Malley Cat and his jazz-playing alley cats come to the aristocats’ rescue.",en
126,"[12, 14]",The Black Cauldron,1985-07-24,"Taran is an assistant pigkeeper with boyish dreams of becoming a great warrior. However, he has to put the daydreaming aside when his charge, an oracular pig named Hen Wen, is kidnapped by an evil lord known as the Horned King. The villain hopes Hen will show him the way to The Black Cauldron, which has the power to create a giant army of unstoppable soldiers.",en
127,"[12, 18]",The Call of the Wild,2020-02-19,"Buck is a big-hearted dog whose blissful domestic life is turned upside down when he is suddenly uprooted from his California home and transplanted to the exotic wilds of the Yukon during the Gold Rush of the 1890s. As the newest rookie on a mail delivery dog sled team—and later its leader—Buck experiences the adventure of a lifetime, ultimately finding his true place in the world and becoming his own master.",en
128,"[12, 35, 14]",The Emperor's New Groove,2000-12-15,"Kuzco is a self-centered emperor who summons Pacha from a village and to tell him that his home will be destroyed to make room for Kuzco's new summer home. Kuzco's advisor, Yzma, tries to poison Kuzco and accidentally turns him into a llama, who accidentally ends up in Pacha's village. Pacha offers to help Kuzco if he doesn't destroy his house, and so they form an unlikely partnership.",en
129,"[12, 18]",The Fox and the Hound,1981-07-10,"When a feisty little fox named Tod is adopted into a farm family, he quickly becomes friends with a fun and adorable hound puppy named Copper. Life is full of hilarious adventures until Copper is expected to take on his role as a hunting dog -- and the object of his search is his best friend!",en
130,"[12, 35]",The Fox and the Hound 2,2006-11-09,"Best friends Tod, a fox kit, and Copper, a hound puppy, visit a country fair when they see a band of dogs called ""The Singin' Strays"". The band has five members: Dixie, Cash, Granny Rose, and twin brothers Waylon and Floyd. It is important that they perform well because a talent scout is visiting.",en
131,[12],The Good Dinosaur,2015-11-14,An epic journey into the world of dinosaurs where an Apatosaurus named Arlo makes an unlikely human friend.,en
132,"[12, 9648]",The Great Mouse Detective,1986-07-02,"When the diabolical Professor Ratigan kidnaps London's master toymaker, the brilliant master of disguise Basil of Baker Street and his trusted sidekick Dawson try to elude the ultimate trap and foil the perfect crime.",en
133,[18],The Hunchback of Notre Dame,1996-06-21,"At the urging of his gargoyle pals, Quasimodo leaves Notre Dame tower against the wishes of his guardian, the evil Judge Claude Frollo. He ventures out to the Festival of Fools and finds his first true friend, a Romani woman named Esmeralda, who entrusts him with a secret. When the secret is revealed, Quasi soon finds himself fighting to save the people and city he loves.",en
134,[35],The Hunchback of Notre Dame II,2002-02-05,"Now that Frollo is gone, Quasimodo rings the bell with the help of his new friend and Esmeralda's and Phoebus' little son, Zephyr. But when Quasi stops by a traveling circus owned by evil magician Sarousch, he falls for Madellaine, Sarouch's assistant.",en
135,"[28, 12]",The Incredibles,2004-10-27,"Bob Parr has given up his superhero days to log in time as an insurance adjuster and raise his three children with his formerly heroic wife in suburbia. But when he receives a mysterious assignment, it's time to get back into costume.",en
136,[12],The Jungle Book,1967-10-18,"The boy Mowgli makes his way to the man-village with Bagheera, the wise panther. Along the way he meets jazzy King Louie, the hypnotic snake Kaa and the lovable, happy-go-lucky bear Baloo, who teaches Mowgli ""The Bare Necessities"" of life and the true meaning of friendship.",en
137,[12],The Jungle Book 2,2003-02-07,"Mowgli has been living in the man-village with his little stepbrother Ranjan and his best friend Shanti. But the man-cub still has that jungle rhythm in his heart, and he misses his old buddies Baloo and Bagheera. When Mowgli wanders back to the wild for some swingin' fun, he soon finds the man-eating tiger Shere Khan is lurking in the shadows and planning his revenge.",en
138,[18],The Lion King,1994-06-24,"A young lion prince is cast out of his pride by his cruel uncle, who claims he killed his father. While the uncle rules with an iron paw, the prince grows up beyond the Savannah, living by a philosophy: No worries for the rest of your days. But when his past comes to haunt him, the young prince must decide his fate: Will he remain an outcast or face his demons and become what he needs to be?",en
139,"[35, 28]",The Lion King 1½,2004-02-06,Timon the meerkat and Pumbaa the warthog are best pals and the unsung heroes of the African savanna. This prequel to the smash Disney animated adventure takes you back -- way back -- before Simba's adventure began. You'll find out all about Timon and Pumbaa and tag along as they search for the perfect home and attempt to raise a rambunctious lion cub.,en
140,"[12, 28]",The Lion King II: Simba's Pride,1998-10-24,"The circle of life continues for Simba, now fully grown and in his rightful place as the king of Pride Rock. Simba and Nala have given birth to a daughter, Kiara who's as rebellious as her father was. But Kiara drives her parents to distraction when she catches the eye of Kovu, the son of the evil lioness, Zira. Will Kovu steal Kiara's heart?",en
141,[14],The Little Mermaid,1989-11-17,This colorful adventure tells the story of an impetuous mermaid princess named Ariel who falls in love with the very human Prince Eric and puts everything on the line for the chance to be with him. Memorable songs and characters -- including the villainous sea witch Ursula.,en
142,"[12, 35]",The Little Mermaid II: Return to the Sea,2000-01-23,"Set several years after the first film, Ariel and Prince Eric are happily married with a daughter, Melody. In order to protect Melody from the Sea Witch, Morgana, they have not told her about her mermaid heritage. Melody is curious and ventures into the sea, where she meets new friends. But will she become a pawn in Morgana's quest to take control of the ocean from King Triton?",en
143,[],The Little Mermaid: Ariel's Beginning,2008-08-25,"Follow Ariel's adventures before she gave up her fins for true love. When Ariel wasn't singing with her sisters, she spent time with her mother, Queen Athena. Ariel is devastated when Athena is killed by pirates, and after King Triton outlaws all singing. Along with pals Flounder and Sebastian, Ariel sets off in hopes of changing her father's decision to ban music from the kingdom.",en
144,[35],The Lizzie McGuire Movie,2003-05-02,"Lizzie McGuire has graduated from middle school and takes a trip to Rome, Italy with her class. And what was supposed to be only a normal trip, becomes a teenager's dream come true.",en
145,[],The Many Adventures of Winnie the Pooh,1977-03-11,"Whether we’re young or forever young at heart, the Hundred Acre Wood calls to that place in each of us that still believes in magic. Join pals Pooh, Piglet, Kanga, Roo, Owl, Rabbit, Tigger and Christopher Robin as they enjoy their days together and sing their way through adventures.",en
146,[14],The Nightmare Before Christmas,1993-10-09,"Tired of scaring humans every October 31 with the same old bag of tricks, Jack Skellington, the spindly king of Halloween Town, kidnaps Santa Claus and plans to deliver shrunken heads and other ghoulish gifts to children on Christmas morning. But as Christmas approaches, Jack's rag-doll girlfriend, Sally, tries to foil his misguided plans.",en
147,[10749],The Princess and the Frog,2009-12-08,"A waitress, desperate to fulfill her dreams as a restaurant owner, is set on a journey to turn a frog prince back into a human being, but she has to face the same problem after she kisses him.",en
148,"[10770, 35]",The Proud Family Movie,2005-08-19,"Penny and her family are lured on an all expenses paid vacation where a mad scientist captures them, refusing to let them go because Oscar won't reveal his on of his secret Proud Snacks formulas.",en
149,"[35, 14]",The Reluctant Dragon,1941-06-19,"Humorist Robert Benchley attempts to find Walt Disney to ask him to adapt a short story about a gentle dragon who would rather recite poetry than be ferocious. Along the way, he is given a tour of Walt Disney Studios, and learns about the animation process.",en
150,"[14, 12]",The Rescuers,1977-06-22,"What can two little mice possibly do to save an orphan girl who's fallen into evil hands? With a little cooperation and faith in oneself, anything is possible! As members of the mouse-run International Rescue Aid Society, Bernard and Miss Bianca respond to orphan Penny's call for help. The two mice search for clues with the help of an old cat named Rufus.",en
151,"[12, 14]",The Rescuers Down Under,1990-11-16,"A lawless poacher wants to capture a majestic and rare golden eagle, so he kidnaps the boy who knows where to find the bird. Not to worry -- the Rescue Aid Society's top agents, heroic mice Miss Bianca and Bernard, fly to Australia to save the day. Accompanying the fearless duo are bumbling albatross Wilbur and local field operative Jake the Kangaroo Rat.",en
152,"[12, 10749]",The Return of Jafar,1994-05-20,"The evil Jafar escapes from the magic lamp as an all-powerful genie, ready to plot his revenge against Aladdin. From battling elusive villains atop winged horses, to dodging flames inside an exploding lava pit, it's up to Aladdin - with Princess Jasmine and the outrageously funny Genie by his side - to save the kingdom once and for all.",en
153,[14],The Secret World of Arrietty,2010-07-16,"14-year-old Arrietty and the rest of the Clock family live in peaceful anonymity as they make their own home from items ""borrowed"" from the house's human inhabitants. However, life changes for the Clocks when a human boy discovers Arrietty.",ja
154,[],The Sword in the Stone,1963-12-25,"Wart is a young boy who aspires to be a knight's squire. On a hunting trip he falls in on Merlin, a powerful but amnesiac wizard who has plans for him beyond mere squiredom. He starts by trying to give him an education, believing that once one has an education, one can go anywhere. Needless to say, it doesn't quite work out that way.",en
155,[10402],The Three Caballeros,1944-12-21,"For Donald's birthday he receives a box with three gifts inside. The gifts, a movie projector, a pop-up book, and a pinata, each take Donald on wild adventures through Mexico and South America.",en
156,[35],The Tigger Movie,2000-02-11,"Winnie the Pooh, Piglet, Owl, Kanga, Roo, and Rabbit are preparing a suitable winter home for Eeyore, the perennially dejected donkey, but Tigger's continual bouncing interrupts their efforts. Rabbit suggests that Tigger go find others of his kind to bounce with, but Tigger thinks ""the most wonderful thing about tiggers is"" he's ""the only one!"" Just in case though, the joyously jouncy feline sets out to see if he can find relatives.",en
157,[],The Wild,2006-04-06,"An adolescent lion is accidentally shipped from the New York Zoo to Africa. Now running free, his zoo pals must put aside their differences to help bring him back.",en
158,"[18, 10752]",The Wind Rises,2013-07-20,"A lifelong love of flight inspires Japanese aviation engineer Jiro Horikoshi, whose storied career includes the creation of the A-6M World War II fighter plane.",ja
159,"[12, 14]",Tinker Bell,2008-09-11,"Journey into the secret world of Pixie Hollow and hear Tinker Bell speak for the very first time as the astonishing story of Disney's most famous fairy is finally revealed in the all-new motion picture ""Tinker Bell.""",en
160,"[12, 14]",Tinker Bell and the Great Fairy Rescue,2010-07-29,"During a summer stay on the mainland, Tinker Bell is accidentally discovered while investigating a little girl's fairy house. As the other fairies, led by the brash Vidia, launch a daring rescue in the middle of a fierce storm, Tink develops a special bond with the lonely, little girl.",en
161,[12],Tinker Bell and the Legend of the NeverBeast,2014-12-12,"An ancient myth of a massive creature sparks the curiosity of Tinker Bell and her good friend Fawn, an animal fairy who’s not afraid to break the rules to help an animal in need. But this creature is not welcome in Pixie Hollow — and the scout fairies are determined to capture the mysterious beast, who they fear will destroy their home. Fawn must convince her fairy friends to risk everything to rescue the NeverBeast.",en
162,"[12, 14]",Tinker Bell and the Lost Treasure,2009-09-03,"A blue harvest moon will rise, allowing the fairies to use a precious moonstone to restore the Pixie Dust Tree, the source of all their magic. But when Tinker Bell accidentally puts all of Pixie Hollow in jeopardy, she must venture out across the sea on a secret quest to set things right.",en
163,[],Tinker Bell and the Pirate Fairy,2014-02-13,"Zarina, a smart and ambitious dust-keeper fairy who’s captivated by Blue Pixie Dust and its endless possibilities, flees Pixie Hollow and joins forces with the scheming pirates of Skull Rock, who make her captain of their ship. Tinker Bell and her friends must embark on an epic adventure to find Zarina, and together they go sword-to-sword with the band of pirates led by a cabin boy named James, who’ll soon be known as Captain Hook himself.",en
164,"[12, 35]",Toy Story,1995-10-30,"Led by Woody, Andy's toys live happily in his room until Andy's birthday brings Buzz Lightyear onto the scene. Afraid of losing his place in Andy's heart, Woody plots against Buzz. But when circumstances separate Buzz and Woody from their owner, the duo eventually learns to put aside their differences.",en
165,[35],Toy Story 2,1999-10-30,"Andy heads off to Cowboy Camp, leaving his toys to their own devices. Things shift into high gear when an obsessive toy collector named Al McWhiggen, owner of Al's Toy Barn kidnaps Woody. Andy's toys mount a daring rescue mission, Buzz Lightyear meets his match and Woody has to decide where he and his heart truly belong.",en
166,[35],Toy Story 3,2010-06-16,"Woody, Buzz, and the rest of Andy's toys haven't been played with in years. With Andy about to go to college, the gang find themselves accidentally left at a nefarious day care center. The toys must band together to escape and return home to Andy.",en
167,"[12, 35, 14]",Toy Story 4,2019-06-19,"Woody has always been confident about his place in the world and that his priority is taking care of his kid, whether that's Andy or Bonnie. But when Bonnie adds a reluctant new toy called ""Forky"" to her room, a road trip adventure alongside old and new friends will show Woody how big the world can be for a toy.",en
168,"[12, 14, 878]",Treasure Planet,2002-11-26,"When space galleon cabin boy Jim Hawkins discovers a map to an intergalactic ""loot of a thousand worlds,"" a cyborg cook named John Silver teaches him to battle supernovas and space storms on their journey to find treasure.",en
169,"[35, 14]",Turning Red,2022-03-10,"Thirteen-year-old Mei is experiencing the awkwardness of being a teenager with a twist – when she gets too excited, she transforms into a giant red panda.",en
170,"[35, 12]",Up,2009-05-28,"Carl Fredricksen spent his entire life dreaming of exploring the globe and experiencing life to its fullest. But at age 78, life seems to have passed him by, until a twist of fate (and a persistent 8-year old Wilderness Explorer named Russell) gives him a new lease on life.",en
171,"[12, 35, 10752]",Valiant,2005-03-25,"Set in 1944, Valiant is a woodland pigeon who wants to become a great hero someday. When he hears they are hiring recruits for the Royal Homing Pigeon Service, he immediately sets out for London. On the way, he meets a smelly but friendly pigeon named Bugsy, who joins him, mainly to get away from clients he cheated in a game of find-the pebble, and helps him sign up for the war.",en
172,[878],WALL-E,2008-06-22,"What if mankind had to leave Earth and somebody forgot to turn the last robot off? After hundreds of years doing what he was built for, WALL•E discovers a new purpose in life when he meets a sleek search robot named EVE. EVE comes to realize that WALL•E has inadvertently stumbled upon the key to the planet's future, and races back to space to report to the humans. Meanwhile, WALL•E chases EVE across the galaxy and sets into motion one of the most imaginative adventures ever brought to the big screen.",en
173,[12],Winnie the Pooh,2011-04-06,"During an ordinary day in Hundred Acre Wood, Winnie the Pooh sets out to find some honey. Misinterpreting a note from Christopher Robin, Owl convinces Pooh, Tigger, Rabbit, Piglet, Kanga, Roo, and Eeyore that their young friend has been captured by a creature named ""Backson"" and they set out to rescue him.",en
174,[],Winnie the Pooh: A Very Merry Pooh Year,2002-11-12,It's Christmastime in the Hundred Acre Wood and all of the gang is getting ready with presents and decorations. The gang makes a list of what they want for Christmas and send it to Santa Claus - except that Pooh forgot to ask for something. So he heads out to retrieve the letter and get it to Santa by Christmas...which happens to be tomorrow!,en
175,[],Winnie the Pooh: Seasons of Giving,1999-11-08,"A collection of Winnie the Pooh's memorable holiday adventures, as Winnie, Piglet, and Tigger set out to find the right ingredients for Winter, Rabbit learns how to manage a complicated Thanksgiving dinner, and everyone gets a special visit from a new friend. Featuring a number of delightful songs for singing along, this video is sure to become a favorite holiday classic.",en
176,"[12, 35]",Winnie the Pooh: Springtime with Roo,2004-03-09,"Spring has sprung, and baby Roo is excited to get out and explore and make new friends. But Rabbit seems preoccupied with spring cleaning, instead of embracing his usual role of playing Easter Bunny. Leave it to Roo to show Rabbit -- through love -- that it's more important who you love and not who's in charge.",en
177,"[35, 12]",Wreck-It Ralph,2012-11-01,"Wreck-It Ralph is the 9-foot-tall, 643-pound villain of an arcade video game named Fix-It Felix Jr., in which the game's titular hero fixes buildings that Ralph destroys. Wanting to prove he can be a good guy and not just a villain, Ralph escapes his game and lands in Hero's Duty, a first-person shooter where he helps the game's hero battle against alien invaders. He later enters Sugar Rush, a kart racing game set on tracks made of candies, cookies and other sweets. There, Ralph meets Vanellope von Schweetz who has learned that her game is faced with a dire threat that could affect the entire arcade, and one that Ralph may have inadvertently started.",en
178,"[12, 35]",Zootopia,2016-02-11,"Determined to prove herself, Officer Judy Hopps, the first bunny on Zootopia's police force, jumps at the chance to crack her first case - even if it means partnering with scam-artist fox Nick Wilde to solve the mystery.",en
